GameID,GameVersion,BlueSideWin,BlueTopName,BlueTopSide,BlueTopRank,BlueTopDivision,BlueTopRole,BlueTopChampID,BlueTopWinrate,BlueTopWinStreak,BlueJungleName,BlueJungleSide,BlueJungleRank,BlueJungleDivision,BlueJungleRole,BlueJungleChampID,BlueJungleWinrate,BlueJungleWinStreak,BlueMidName,BlueMidSide,BlueMidRank,BlueMidDivision,BlueMidRole,BlueMidChampID,BlueMidWinrate,BlueMidWinStreak,BlueADCName,BlueADCSide,BlueADCRank,BlueADCDivision,BlueADCRole,BlueADCChampID,BlueADCWinrate,BlueADCWinStreak,BlueSupportName,BlueSupportSide,BlueSupportRank,BlueSupportDivision,BlueSupportRole,BlueSupportChampID,BlueSupportWinrate,BlueSupportWinStreak,RedTopName,RedTopSide,RedTopRank,RedTopDivision,RedTopRole,RedTopChampID,RedTopWinrate,RedTopWinStreak,RedJungleName,RedJungleSide,RedJungleRank,RedJungleDivision,RedJungleRole,RedJungleChampID,RedJungleWinrate,RedJungleWinStreak,RedMidName,RedMidSide,RedMidRank,RedMidDivision,RedMidRole,RedMidChampID,RedMidWinrate,RedMidWinStreak,RedADCName,RedADCSide,RedADCRank,RedADCDivision,RedADCRole,RedADCChampID,RedADCWinrate,RedADCWinStreak,RedSupportName,RedSupportSide,RedSupportRank,RedSupportDivision,RedSupportRole,RedSupportChampID,RedSupportWinrate,RedSupportWinStreak
CIwPbX19FDc5PLbLNgjbljzG4PzO9XMA9mJLqW9rNv0=,14.22.633.1362,True,ultragamer#51442,BLUE,UNRANKED,0,TOP,75,51.06,False,gg LennyS#NA1,BLUE,UNRANKED,0,JUNGLE,106,0,False,Vicuna277#1236,BLUE,UNRANKED,0,MID,777,47.14,False,dmejryp#NA1,BLUE,UNRANKED,0,ADC,67,0,False,Crab#krab,BLUE,UNRANKED,0,SUPPORT,161,52.67,False,NinkiMinjaaj#NA1,RED,UNRANKED,0,TOP,86,50.0,False,Zagh#NA1,RED,UNRANKED,0,JUNGLE,154,57.69,True,Ignytic#NA1,RED,UNRANKED,0,MID,799,0,False,Adhawkins#NA1,RED,PLATINUM,3,ADC,81,0,False,APoetCalledLove#NA1,RED,IRON,4,SUPPORT,147,60.87,False
CIwPbX19FDfeDQvWTtpQSAjgmuLqFYD-Q0JyYEQqOss=,14.22.633.1362,True,NinkiMinjaaj#NA1,BLUE,IRON,1,TOP,86,50.0,False,GayStuff#NA1,BLUE,BRONZE,3,JUNGLE,121,50.27,False,Trinibad868#NA1,BLUE,BRONZE,3,MID,134,45.74,False,Ecgtheow#NA1,BLUE,IRON,2,ADC,17,50.0,False,Bonita Wilcox#NA1,BLUE,BRONZE,2,SUPPORT,99,61.11,False,ahappytubofcats#NA1,RED,SILVER,4,TOP,122,69.23,False,Hocho Maniac#NA1,RED,BRONZE,4,JUNGLE,35,59.68,False,qUEEfY#YRN,RED,BRONZE,4,MID,91,51.16,False,drmc#1328,RED,IRON,4,ADC,21,50.74,False,rustbound#11111,RED,BRONZE,3,SUPPORT,111,52.13,False
CIwPbX19FDe4btZwco2uE2cA5BW30W5UIS3z62jEItc=,14.22.633.1362,True,mezolator#J S,BLUE,SILVER,4,TOP,429,50.0,False,CosmicUHH#1286,BLUE,BRONZE,4,JUNGLE,20,42.86,False,DVMA#omie,BLUE,IRON,2,MID,103,50.69,False,PekoFan#NA1,BLUE,BRONZE,4,ADC,202,47.31,False,InterFoSho#74083,BLUE,BRONZE,4,SUPPORT,17,46.67,False,BeforeMosesWas#IAM,RED,BRONZE,1,TOP,36,39.47,False,itsdabigD1lf#1987,RED,BRONZE,2,JUNGLE,234,49.0,False,asdfpigman#083,RED,IRON,4,MID,711,47.62,False,buni J#NA1,RED,BRONZE,3,ADC,81,35.71,False,NinkiMinjaaj#NA1,RED,IRON,1,SUPPORT,526,50.0,False
CIwPbX19FDewm6CgBRK72KSi-7EAK97gzoaW7D9fDEE=,14.22.633.1362,True,Hexchem#NA1,BLUE,BRONZE,2,TOP,83,46.3,False,Rain Of Madness#NA1,BLUE,UNRANKED,0,JUNGLE,56,0,False,Ionic Infusion#NA1,BLUE,BRONZE,4,MID,517,47.83,False,ShakeDaBed#NA1,BLUE,BRONZE,2,ADC,110,58.18,False,RollingGolem#556,BLUE,UNRANKED,0,SUPPORT,53,57.14,False,Overnaflashh#9977,RED,BRONZE,4,TOP,518,36.36,False,Gamoli#7454,RED,BRONZE,1,JUNGLE,19,44.93,True,Grymmble#NA1,RED,BRONZE,4,MID,74,28.57,False,JGLTRIX#NA1,RED,BRONZE,2,ADC,901,33.33,False,NinkiMinjaaj#NA1,RED,IRON,1,SUPPORT,526,50.0,False
CIwPbX19FDezpMF4ykh_V5BgKeDmuMPen1EUbgJcWuI=,14.22.633.1362,False,C00KIE D00KIE#NA1,BLUE,BRONZE,4,TOP,74,52.08,False,FĄILEDAB0RTI0N#069,BLUE,BRONZE,3,JUNGLE,11,49.41,True,LatinPsycho#2023,BLUE,BRONZE,4,MID,90,58.62,False,MOONsubxd#NA1,BLUE,BRONZE,3,ADC,119,55.26,False,Skywon#7844,BLUE,BRONZE,3,SUPPORT,147,48.28,False,19KingRagnar#NA1,RED,BRONZE,4,TOP,240,50.0,False,Robert Johnson#8215,RED,BRONZE,3,JUNGLE,131,45.4,False,very okay#NA1,RED,BRONZE,2,MID,134,50.65,False,T1 Benny#WORLD,RED,BRONZE,3,ADC,96,47.56,False,NinkiMinjaaj#NA1,RED,IRON,1,SUPPORT,526,50.0,False
CIwPbX19FDcETj8SDRgGoGj1mhl-BFKe44tDUuEd6SA=,14.21.630.3012,False,OSAMA BIN LADENN#1212,BLUE,IRON,2,TOP,420,62.5,False,FlickinBean#7355,BLUE,BRONZE,4,JUNGLE,200,41.94,False,AHuân cạm bẫy#4009,BLUE,UNRANKED,0,MID,45,55.77,True,TheJeffExperienc#DLLM,BLUE,BRONZE,3,ADC,22,49.75,False,dankmemesz69#DLLM,BLUE,BRONZE,3,SUPPORT,40,48.57,False,Rahsun#BAD,RED,BRONZE,4,TOP,92,50.56,False,Lilxorge#NA1,RED,BRONZE,3,JUNGLE,20,52.94,True,Arkane#3055,RED,BRONZE,4,MID,75,56.25,False,RichyRich#NA1,RED,IRON,1,ADC,21,60.0,False,NinkiMinjaaj#NA1,RED,UNRANKED,0,SUPPORT,526,50.0,False
CIwPbX19FDeIcjhfkiC1F_5VtfauBhoiItaf3imyyMI=,14.21.630.3012,True,Void Stylz#6969,BLUE,BRONZE,4,TOP,83,52.63,True,a pile of bees#7190,BLUE,BRONZE,4,JUNGLE,876,50.94,False,the PiZZA king#6291,BLUE,BRONZE,4,MID,90,54.01,False,hungrysoil#NA1,BLUE,BRONZE,4,ADC,22,46.34,False,NinkiMinjaaj#NA1,BLUE,UNRANKED,0,SUPPORT,526,50.0,False,KingCannonade#NA1,RED,BRONZE,4,TOP,122,53.85,False,FlickinBean#7355,RED,BRONZE,3,JUNGLE,62,41.94,False,Words Hard#NA1,RED,BRONZE,3,MID,74,50.0,False,quixoticx#NA1,RED,BRONZE,3,ADC,81,52.88,False,thedarktintin#1515,RED,UNRANKED,0,SUPPORT,31,51.56,False
CIwPbX19FDdcs7DHRmIontqUbi_iBd8jq-j348O-PZg=,14.21.630.3012,True,tinicoi#6923,BLUE,UNRANKED,0,TOP,887,65.71,False,Jungleboi#Jung,BLUE,BRONZE,3,JUNGLE,11,50.0,False,antoniomafio10#NA1,BLUE,IRON,1,MID,45,50.0,False,Extra Ryze#tan,BLUE,BRONZE,3,ADC,81,57.85,False,KYDFB5#NA1,BLUE,BRONZE,4,SUPPORT,43,50.0,False,Obabo#NA1,RED,BRONZE,4,TOP,105,53.06,False,Kafka#668,RED,UNRANKED,0,JUNGLE,234,51.82,True,MrErobber#NA1,RED,BRONZE,3,MID,115,55.14,False,xxahmad#NA1,RED,BRONZE,3,ADC,202,48.82,False,NinkiMinjaaj#NA1,RED,UNRANKED,0,SUPPORT,235,50.0,False
CIwPbX19FDdo2rkf7wI3To-ptnxu-rES2sAigBofk7o=,14.21.630.3012,True,T1C0NDER0GA#NA1,BLUE,BRONZE,4,TOP,31,33.33,False,Dua Lipa Fan#42069,BLUE,BRONZE,3,JUNGLE,876,47.37,False,gloom#shou,BLUE,BRONZE,4,MID,84,45.83,False,JosewithanH#2110,BLUE,BRONZE,4,ADC,221,48.82,False,ISSAC#TIME,BLUE,BRONZE,4,SUPPORT,888,46.81,True,NinkiMinjaaj#NA1,RED,UNRANKED,0,TOP,86,50.0,False,Who Feed Zed#bes,RED,BRONZE,4,JUNGLE,59,50.0,False,currrrlyZ#NA1,RED,BRONZE,3,MID,105,50.16,False,TotallyPlatonic#love,RED,SILVER,4,ADC,145,51.23,False,eclipse#aura,RED,BRONZE,4,SUPPORT,497,52.25,False
CIwPbX19FDee7n_cQt9ZyHbmWWoM17MGoAxTxeTdIWc=,14.21.630.3012,False,NinkiMinjaaj#NA1,BLUE,UNRANKED,0,TOP,86,50.0,False,RollSsabu#NA1,BLUE,BRONZE,2,JUNGLE,19,48.97,False,shadesofgrey713#NA1,BLUE,BRONZE,4,MID,131,49.44,False,Dagzo49x#NA49,BLUE,IRON,3,ADC,222,45.24,False,vamki#NA1,BLUE,BRONZE,3,SUPPORT,497,49.69,False,KnoxV3gas#NA1,RED,BRONZE,2,TOP,897,44.37,False,Urahara#420,RED,IRON,1,JUNGLE,876,42.86,False,lIlllIIIIlllllll#NA1,RED,BRONZE,2,MID,157,52.28,False,pug1 ko#ric,RED,IRON,1,ADC,51,49.06,True,LighToFTheHeaveN#NA1,RED,UNRANKED,0,SUPPORT,99,0,False
CIwPbX19FDeMuk7JvcEK1i7xpnpEjNwd-SMeNdIlsfk=,14.22.635.4945,False,TMONEY#1738,BLUE,IRON,3,TOP,92,49.4,False,flight516#NA1,BLUE,IRON,1,JUNGLE,141,48.39,True,Funijoke#baka,BLUE,IRON,3,MID,4,42.62,False,Hide on bush#lfg,BLUE,IRON,2,ADC,42,27.78,False,Pent7#NA1,BLUE,IRON,1,SUPPORT,44,37.5,False,water#9540,RED,BRONZE,4,TOP,799,49.4,False,AdRiA08#Y11,RED,IRON,3,JUNGLE,11,27.78,False,DAUGZ  1 1 14#NA1,RED,IRON,3,MID,17,21.05,True,CR34TE#NA1,RED,IRON,3,ADC,21,58.82,False,Sungrain91#NA1,RED,IRON,3,SUPPORT,161,50.0,False
CIwPbX19FDdzK4HcXqMdlTs7Nc7lfz1yZBv4zJHftso=,14.22.635.4945,True,imslaty#ZVG4,BLUE,BRONZE,3,TOP,240,27.27,False,loooolEZ#NA1,BLUE,IRON,2,JUNGLE,23,56.52,True,Soulgis#NA1,BLUE,IRON,2,MID,61,48.57,False,sweatychan1#5841,BLUE,IRON,2,ADC,51,35.0,False,Kaname Madoka#103,BLUE,IRON,3,SUPPORT,37,55.56,False,CombatArms#NA1,RED,UNRANKED,0,TOP,36,0,False,Sweaty Palms#6969,RED,BRONZE,4,JUNGLE,59,38.64,False,Lilpxb#NA1,RED,IRON,1,MID,517,46.05,False,STRIVER41#NONA,RED,IRON,2,ADC,21,54.55,False,Pent7#NA1,RED,IRON,1,SUPPORT,44,37.5,False
CIwPbX19FDcKiCRgFH8vpe8liYU6reZTQp2aleeZP_Q=,14.22.635.4945,False,Cyclops Bot#NA1,BLUE,IRON,2,TOP,86,55.0,False,Eboi25#NA1,BLUE,IRON,3,JUNGLE,5,44.44,False,StraightRazor69#NA1,BLUE,IRON,2,MID,99,46.78,False,LordoftheDucks#NA1,BLUE,BRONZE,4,ADC,145,44.64,False,Pent7#NA1,BLUE,IRON,1,SUPPORT,44,37.5,False,BlueAggie#NA1,RED,BRONZE,4,TOP,36,48.0,False,AnoymousJoker#Joker,RED,IRON,1,JUNGLE,254,49.41,False,FaceNameGuy#NA1,RED,BRONZE,4,MID,711,52.17,False,Laiku#NA1,RED,IRON,4,ADC,18,25.0,False,Flexxin Nuts#NA1,RED,IRON,3,SUPPORT,40,25.0,False
CIwPbX19FDdsPN-6hVhDHaqaKEV2o8aLc4-mw9GgwJQ=,14.22.633.1362,False,Spotify Galaxzes#NA1,BLUE,BRONZE,4,TOP,36,52.0,False,yake#420,BLUE,IRON,3,JUNGLE,19,46.55,False,Baldjeet#Baldy,BLUE,IRON,1,MID,84,41.94,False,SirTedric#328,BLUE,IRON,1,ADC,145,54.12,False,Cedric IV#NA1,BLUE,IRON,2,SUPPORT,50,60.71,False,LETS2V4BOTLANE#NA1,RED,IRON,2,TOP,74,51.89,False,Fercoo#8737,RED,BRONZE,4,JUNGLE,234,47.86,False,LiveLaughLeague#NA1,RED,BRONZE,3,MID,105,50.0,False,ABCNOOB#NA1,RED,IRON,4,ADC,429,47.22,False,Pent7#NA1,RED,IRON,1,SUPPORT,44,37.5,False
CIwPbX19FDdjgJsoAI2YtYasUefhQ-5xA8bhivR9RZA=,14.22.633.1362,False,69TIMES#NA1,BLUE,IRON,3,TOP,59,51.16,False, ImaPlus#NA1,BLUE,IRON,2,JUNGLE,28,60.0,False,HennyAtHalfTime#NA1,BLUE,IRON,2,MID,799,45.45,False,ChardeeMacDennis#BUTT,BLUE,IRON,2,ADC,202,48.39,False,Pent7#NA1,BLUE,BRONZE,4,SUPPORT,63,37.5,False,MogulApple#3648,RED,IRON,3,TOP,83,38.1,False,Roman Reigns 13#NA1,RED,IRON,1,JUNGLE,11,45.74,False,RivuletKlash#NA1,RED,IRON,2,MID,777,58.54,False,Daddys Home#egirl,RED,IRON,1,ADC,21,46.34,False,Kodite16#NA1,RED,IRON,1,SUPPORT,101,50.0,False
CIwPbX19FDeYFehdKaJ8WeAm9Vh2rA3FqgIC00ypu3A=,14.22.633.1362,True,TingedClov#TTV,BLUE,IRON,1,TOP,875,56.25,True,BB Uncle Sav#NA1,BLUE,BRONZE,3,JUNGLE,234,30.77,False,Milo#7057,BLUE,IRON,2,MID,127,43.08,False,Doug Star Zer0#NA1,BLUE,IRON,4,ADC,901,45.33,False,CallMeLisandro#NA1,BLUE,IRON,1,SUPPORT,235,42.42,False,Sennestro#0612,RED,IRON,2,TOP,31,43.59,False,SenoritaFortuna#3793,RED,IRON,1,JUNGLE,200,53.72,False,Sparrow1778#NA1,RED,IRON,1,MID,90,54.17,False,Kgeorge#NA1,RED,IRON,3,ADC,22,46.67,False,Pent7#NA1,RED,IRON,1,SUPPORT,44,37.5,False
CIwPbX19FDcrZ9jkSbjN2AcPYinwMB56sA8RT57YXxs=,14.22.633.1362,False,imliterallyhim84#glaze,BLUE,BRONZE,4,TOP,122,54.55,False,yeayayayeaya#BRUH,BLUE,IRON,2,JUNGLE,104,45.45,False,Sylas#5640,BLUE,BRONZE,3,MID,517,47.79,False,mafker#1234,BLUE,BRONZE,4,ADC,29,48.4,True,Pent7#NA1,BLUE,BRONZE,4,SUPPORT,44,37.5,False,MethMan#9087,RED,IRON,1,TOP,133,48.91,False,BanjoLippedDarky#6969,RED,IRON,1,JUNGLE,876,41.3,False,TFT Mike Jordan#NA1,RED,BRONZE,4,MID,45,43.75,False,RickyProd#NA1,RED,BRONZE,4,ADC,67,49.53,False,torpie#NA1,RED,BRONZE,3,SUPPORT,99,48.99,False
CIwPbX19FDcJtPbX0yT6JOfz-sy_GtT7DHQzZbOcX7I=,14.21.629.951,False,waabul#NA1,BLUE,IRON,3,TOP,157,35.71,False,gabrielmanansala#4352,BLUE,BRONZE,4,JUNGLE,131,46.34,False,lChrollol#NA1,BLUE,BRONZE,4,MID,103,57.08,False,agelessdemon12#NA1,BLUE,IRON,3,ADC,51,47.37,False,topcool888#NA1,BLUE,BRONZE,4,SUPPORT,111,43.53,False,Benji#cold,RED,IRON,1,TOP,875,57.08,False,MisticStats#NA1,RED,BRONZE,4,JUNGLE,9,45.83,False,XWonkaX#NA1,RED,IRON,1,MID,98,48.98,False,Bonk on head#Ouch,RED,UNRANKED,0,ADC,222,64.47,True,Pent7#NA1,RED,BRONZE,4,SUPPORT,53,37.5,False
CIwPbX19FDflopvZ9ET_pwuwShrvs4FgYXhImJDQ0Go=,14.21.629.951,True,BrutalApe#NA1,BLUE,BRONZE,3,TOP,86,52.46,False,TheGeometer#1618,BLUE,BRONZE,4,JUNGLE,254,43.14,False,blue15diomand#NA1,BLUE,BRONZE,4,MID,126,53.62,False,Turbocharger#NA1,BLUE,BRONZE,4,ADC,202,59.38,False,Mothra#101,BLUE,BRONZE,4,SUPPORT,267,50.9,True,EngorgedPhaIIus#69420,RED,UNRANKED,0,TOP,10,50.0,False,stake21#NA1,RED,IRON,2,JUNGLE,72,47.88,False,Arroww#NA1,RED,BRONZE,4,MID,777,47.9,True,UN5UPP0RTIVE#NA1,RED,BRONZE,4,ADC,90,49.74,False,Pent7#NA1,RED,BRONZE,4,SUPPORT,44,37.5,False
CIwPbX19FDdeAHI8_AcwOjMmLhuntrLcTI7LYi20iXU=,14.21.629.951,True,Kiwit0#NA1,BLUE,BRONZE,4,TOP,17,63.33,True,My3LosingLanes#NA1,BLUE,IRON,2,JUNGLE,32,50.0,False,Griffy14#NA1,BLUE,BRONZE,4,MID,112,55.56,False,DatBoiSmolder#302,BLUE,IRON,1,ADC,901,57.38,False,Pent7#NA1,BLUE,BRONZE,4,SUPPORT,63,37.5,False,Flandrick#6153,RED,BRONZE,4,TOP,420,49.66,False,ChonkyRangeR#RLTW,RED,IRON,2,JUNGLE,28,43.4,False,LalisaSimpUwU#NA1,RED,BRONZE,4,MID,99,63.41,False,lqqbbl#NA1,RED,BRONZE,4,ADC,51,42.31,False,Meb247#NA1,RED,UNRANKED,0,SUPPORT,518,50.0,False
CIwPbX19FDdXAeBfGeOrAhKc14nxvdbLv_onbIsUmxo=,14.22.635.4945,True,thundercling#NA1,BLUE,BRONZE,1,TOP,14,46.15,False,StRouge#SCOT,BLUE,BRONZE,2,JUNGLE,19,48.63,False,IPA#KLOK,BLUE,BRONZE,1,MID,799,41.79,False,CrazyHyperKnight#NA1,BLUE,BRONZE,4,ADC,360,40.0,False,Mike Sherm#broke,BLUE,BRONZE,3,SUPPORT,79,80.0,False,Basment Dweller#Clue,RED,BRONZE,4,TOP,23,50.0,False,Sent2LilStJames#97482,RED,BRONZE,2,JUNGLE,154,46.25,False,Sporeeo#NA1,RED,BRONZE,3,MID,45,44.44,False,projectJaye#NA1,RED,BRONZE,2,ADC,21,43.48,False,Thunfern0#NA1,RED,BRONZE,1,SUPPORT,80,52.0,False
CIwPbX19FDdPXKFQKkyVEfM8NSNl5bfGK-n3tazUTLY=,14.22.635.4945,True,BAS1CALLY R3M#NA1,BLUE,BRONZE,1,TOP,92,66.67,False,Basment Dweller#Clue,BLUE,IRON,1,JUNGLE,121,50.0,False,TillersD#4739,BLUE,IRON,3,MID,103,50.0,False,Scrub Mufffin#NA1,BLUE,BRONZE,3,ADC,51,52.0,False,Wixxi#NA1,BLUE,UNRANKED,0,SUPPORT,43,0,False,Lorenzo Balls#NA1,RED,BRONZE,3,TOP,114,48.48,False,M3atBrain#NA1,RED,BRONZE,2,JUNGLE,120,0,False,ZYRDKING#07770,RED,UNRANKED,0,MID,127,0,False,BreedableMann#Uwu,RED,UNRANKED,0,ADC,222,0,False,Omni#1313,RED,UNRANKED,0,SUPPORT,63,48.48,False
CIwPbX19FDdlYku9czuYFo3ord99D3pQnx4LbdRPqUs=,14.22.635.4945,True,Lilmike888#Yolo,BLUE,BRONZE,4,TOP,114,31.58,False,CptPingaz#NA1,BLUE,BRONZE,3,JUNGLE,3,51.35,False,Basment Dweller#Clue,BLUE,IRON,1,MID,45,50.0,False,DogKnØt#NA420,BLUE,BRONZE,3,ADC,51,50.41,False,phantomgasher#8888,BLUE,BRONZE,3,SUPPORT,223,50.96,False,KSG Goxy#1212,RED,BRONZE,3,TOP,23,50.0,False,Chrispy#7724,RED,BRONZE,4,JUNGLE,39,50.65,False,Botanical Satyr#NA1,RED,BRONZE,3,MID,90,50.0,False,Jimichu#NA1,RED,BRONZE,2,ADC,236,36.96,False,max#hori,RED,UNRANKED,0,SUPPORT,147,51.35,False
CIwPbX19FDc72OOOND9nv-_jWNz6oZh2JYBUYIrAEoY=,14.22.635.4945,False,Pepper8Jack#NA1,BLUE,IRON,1,TOP,54,59.09,False,seowoo#1228,BLUE,BRONZE,3,JUNGLE,104,40.0,False,Basment Dweller#Clue,BLUE,IRON,1,MID,157,50.0,False,TummySupremacy#FAQ,BLUE,SILVER,4,ADC,81,50.0,False,Natbeharr#5232,BLUE,BRONZE,4,SUPPORT,50,57.78,False,BigJaBean#NA1,RED,SILVER,4,TOP,62,54.69,True,JorgeCool#NA1,RED,UNRANKED,0,JUNGLE,33,62.5,False,Dr backshots#SUS,RED,BRONZE,4,MID,268,54.55,False,YorickChildren#NA1,RED,BRONZE,3,ADC,96,57.14,True,VillainousFluff#NA1,RED,UNRANKED,0,SUPPORT,25,40.0,False
CIwPbX19FDdqLHJb85Mm21Tb0jFBhAAJ2GhiT8S6H-I=,14.22.633.1362,False,kosmok22#NA1,BLUE,BRONZE,3,TOP,2,33.33,False,Brayly#UrBoi,BLUE,BRONZE,2,JUNGLE,234,51.22,False,Basment Dweller#Clue,BLUE,IRON,1,MID,55,50.0,False,Knowledge Knower#NA1,BLUE,BRONZE,2,ADC,412,47.62,False,Glutenfreewolf#NA1,BLUE,BRONZE,2,SUPPORT,53,57.58,False,UglyMan#123,RED,BRONZE,1,TOP,157,67.5,False,crunchytampon#NA21,RED,BRONZE,4,JUNGLE,20,42.86,False,Mbarypsy#NA1,RED,BRONZE,1,MID,3,41.3,False,Suxuzz#NA1,RED,BRONZE,2,ADC,22,60.38,False,TKO Eminent#8779,RED,SILVER,4,SUPPORT,63,47.83,False
CIwPbX19FDeJsjpr9OqlcVIvfiVc7jgthQddkUDzRE0=,14.22.633.1362,True,o Vegeta#NA1,BLUE,BRONZE,3,TOP,45,50.57,False,Natjen#Gomu,BLUE,BRONZE,2,JUNGLE,104,43.24,True,idiot#meta,BLUE,BRONZE,3,MID,233,50.34,False,Basment Dweller#Clue,BLUE,IRON,1,ADC,67,50.0,False,XxPainxX#NA1,BLUE,BRONZE,3,SUPPORT,35,53.33,False,Cristian0Ronaldo#REALM,RED,IRON,1,TOP,266,45.45,False,Altian101#NA1,RED,BRONZE,4,JUNGLE,62,60.71,False,cxllab#NA1,RED,BRONZE,2,MID,142,45.45,False,fïne#NA1,RED,BRONZE,3,ADC,236,34.0,False,Amutuh#NA1,RED,BRONZE,3,SUPPORT,147,33.33,False
CIwPbX19FDfoHf-Rj3BdE_o3TVroPtSFV1IIeUBGqYU=,14.22.633.1362,False,Crack Fiend#69697,BLUE,BRONZE,3,TOP,897,44.87,False,dikkflop#NA1,BLUE,BRONZE,3,JUNGLE,33,44.12,False,Gnomedust#NA1,BLUE,BRONZE,3,MID,85,50.6,False,DragonCito#NA1,BLUE,BRONZE,3,ADC,15,46.48,False,SugaryRainbows#NA1,BLUE,BRONZE,3,SUPPORT,50,49.06,False,Sirprize1176#NA1,RED,IRON,2,TOP,48,40.0,False,Basment Dweller#Clue,RED,UNRANKED,0,JUNGLE,79,50.0,False,DrunkStepPops#Trash,RED,BRONZE,2,MID,3,46.15,True,Blad3Fa11#1997,RED,BRONZE,4,ADC,202,47.13,False,TonyTheShinobi#NA3,RED,BRONZE,3,SUPPORT,161,61.11,False
CIwPbX19FDfj-keo0ksNcirR1MPxWofHv2yWXmoAWW4=,14.21.630.3012,False,魔王明夫#Sigma,BLUE,BRONZE,3,TOP,86,51.28,False,SVT Cobra R#2000,BLUE,BRONZE,4,JUNGLE,77,60.0,False,Basment Dweller#Clue,BLUE,UNRANKED,0,MID,777,50.0,False,dewmolisher#4859,BLUE,BRONZE,2,ADC,82,47.22,False,Jehxtrose#NA1,BLUE,BRONZE,4,SUPPORT,50,28.57,False,VeryChillyDonut#NA1,RED,BRONZE,3,TOP,420,53.6,False,whiteiceking#5297,RED,BRONZE,3,JUNGLE,11,47.47,False,GENGAUR#NA1,RED,BRONZE,3,MID,103,52.94,False,VAAST QC#NA1,RED,BRONZE,3,ADC,202,46.67,False,KarboSlice44#NA1,RED,BRONZE,3,SUPPORT,99,53.33,False
CIwPbX19FDd5zNEdCHOl01UKFbPajXhzjdrTp37VrpQ=,14.21.629.951,True,Hatsune Mika#215,BLUE,BRONZE,2,TOP,92,45.26,False,KimSvПΞะﾒ#00001,BLUE,BRONZE,4,JUNGLE,82,66.67,False,Rolldeep#NA1,BLUE,BRONZE,4,MID,25,54.55,False,GirthQuake11#GIRTH,BLUE,BRONZE,1,ADC,51,50.72,False,Godfather#Riles,BLUE,BRONZE,4,SUPPORT,80,48.21,False,Basment Dweller#Clue,RED,UNRANKED,0,TOP,266,50.0,False,Tony Ñguyen#NA1,RED,BRONZE,3,JUNGLE,245,54.29,False,Freakycordian#17SS,RED,UNRANKED,0,MID,54,0,False,BoundBySkill#011,RED,UNRANKED,0,ADC,15,60.0,False,BoundByBooks#2341,RED,UNRANKED,0,SUPPORT,350,60.0,False
CIwPbX19FDd0MsPM5KlADr3Md7OR0vJgUqEClgVHA78=,14.20.623.6777,False,Killamuffin1#NA1,BLUE,BRONZE,4,TOP,72,47.22,False,Onsonlardres#NA1,BLUE,IRON,1,JUNGLE,99,27.27,False,Ewha Rain#NA1,BLUE,BRONZE,3,MID,86,49.25,False,Thyxx#013,BLUE,IRON,1,ADC,51,44.44,False,Rizzenn#NA1,BLUE,IRON,1,SUPPORT,80,0,False,dDaosend#NA1,RED,BRONZE,4,TOP,75,50.0,False,VIIIB#NA1,RED,UNRANKED,0,JUNGLE,876,50.0,False,Basment Dweller#Clue,RED,BRONZE,4,MID,157,50.0,False,Cup of Joe#BOI,RED,BRONZE,4,ADC,145,66.67,True,nd0905#NA1,RED,BRONZE,3,SUPPORT,25,47.37,False
CIwPbX19FDdFnkf75meLym6thp7STcQjPcSIF8k7LDg=,14.22.635.4945,False,Violinist31#NA1,BLUE,IRON,1,TOP,2,51.97,False,vandal0986#16415,BLUE,IRON,2,JUNGLE,876,53.09,False,gloop#123,BLUE,IRON,2,MID,103,48.39,False,Evilweapon#NA1,BLUE,IRON,1,ADC,145,45.07,False,Kubby#Kup,BLUE,IRON,1,SUPPORT,267,49.82,False,Gemouapa01#NA1,RED,IRON,1,TOP,777,54.19,True,DrunkPlatSmurf#6969,RED,BRONZE,4,JUNGLE,234,47.32,False,mxxstx#5505,RED,UNRANKED,0,MID,84,50.0,False,krispii#teemo,RED,IRON,1,ADC,67,60.0,False,Mon Chien Betty#000,RED,IRON,1,SUPPORT,25,56.41,False
CIwPbX19FDcwkIVP7VEuYRXkaX2u1YMCQoQk0y-kjF8=,14.22.635.4945,True,MyCrazyPig#NA1,BLUE,IRON,4,TOP,80,44.94,False,triplecast#1234,BLUE,IRON,3,JUNGLE,141,37.5,False,Highgradelead#NA1,BLUE,IRON,3,MID,238,44.54,False,Vitruvianphi#NA1,BLUE,IRON,4,ADC,34,41.07,False,TwoLoves#NA1,BLUE,IRON,4,SUPPORT,25,41.33,False,ilove#deaht,RED,UNRANKED,0,TOP,5,0,False,Cutie Chaser#Love,RED,IRON,3,JUNGLE,28,43.9,False,Arekkusu#shi,RED,IRON,3,MID,103,66.67,False,Pogo#Animé,RED,IRON,4,ADC,711,48.48,False,Gemouapa01#NA1,RED,IRON,1,SUPPORT,53,54.19,True
CIwPbX19FDeeTMNx_mwvPl_8FF_P6aCZp8JOJXmx2Cc=,14.22.635.4945,True,Highgradelead#NA1,BLUE,IRON,2,TOP,63,44.54,False,nutz71#NA1,BLUE,IRON,3,JUNGLE,203,46.63,False,Great#606,BLUE,IRON,4,MID,3,40.0,False,Pogo#Animé,BLUE,IRON,4,ADC,110,48.48,False,Gemouapa01#NA1,BLUE,IRON,1,SUPPORT,555,54.19,True,HotdogFromCostco#NA1,RED,IRON,3,TOP,122,57.14,False,UlianIneahid#7591,RED,IRON,4,JUNGLE,19,0,False,NayrDz#DZ1,RED,IRON,3,MID,81,35.71,True,Dalneess#9907,RED,IRON,4,ADC,99,0,False,thisisabadtime#Thicc,RED,IRON,2,SUPPORT,901,50.0,False
CIwPbX19FDfsSNTZtaluUSv6UfxjJKBghaYtRmEOVsY=,14.22.635.4945,True,Ferleyorntd#NA1,BLUE,IRON,3,TOP,122,48.79,False,Hinata Shoyo#5495,BLUE,IRON,2,JUNGLE,77,50.0,False,TotallyTaken#71618,BLUE,IRON,3,MID,103,60.0,True,Gemouapa01#NA1,BLUE,IRON,1,ADC,80,54.19,True,Pogo#Animé,BLUE,IRON,4,SUPPORT,50,48.48,False,MilfandCookies#420,RED,IRON,4,TOP,31,48.52,False,ghostderdee#NA1,RED,IRON,4,JUNGLE,57,40.91,False,ScuumbaggSteveO#NA1,RED,IRON,4,MID,17,46.67,False,Langilidan TTV#NA1,RED,BRONZE,3,ADC,222,51.21,False,W4RMACHINE#NA1,RED,IRON,4,SUPPORT,99,15.38,False
CIwPbX19FDevxtZWIXcAVWarHlSiK_EUook4Du4fWRg=,14.22.633.1362,False,MiKuNa UzuNami#NA1,BLUE,IRON,4,TOP,777,50.0,True,Rat Troupe#NA1,BLUE,IRON,1,JUNGLE,77,41.82,False,KingJayTh#NA1,BLUE,IRON,4,MID,136,40.0,False,ezrealonahole#ΕΖ ﾂ,BLUE,BRONZE,4,ADC,51,45.61,False,Yessaï#NA1,BLUE,IRON,3,SUPPORT,53,47.37,False,winnable#NA7,RED,IRON,1,TOP,86,50.47,False,JsonofGee#NA1,RED,UNRANKED,0,JUNGLE,254,53.33,False,ButtersKnowsBest#NA1,RED,IRON,1,MID,711,42.37,False,Pogo#Animé,RED,IRON,4,ADC,99,48.48,False,Gemouapa01#NA1,RED,IRON,1,SUPPORT,25,54.19,True
CIwPbX19FDcveAxkC2XzPoOJD0ULWYnrmMI7Nky-_-8=,14.22.633.1362,True,PROJECT Bacon#NA1,BLUE,IRON,2,TOP,54,52.63,False,WoIf Of War#NA1,BLUE,IRON,2,JUNGLE,233,75.0,False,murloss#NA1,BLUE,BRONZE,4,MID,21,44.44,False,dumdum#111,BLUE,IRON,2,ADC,143,0,False,seejgi#NA1,BLUE,IRON,1,SUPPORT,99,33.93,False,Hasbulla#idol,RED,IRON,3,TOP,24,33.33,False,Tuvok2Spock#NA1,RED,IRON,1,JUNGLE,25,56.1,False,JRtheProfit#NA1,RED,BRONZE,4,MID,16,50.67,False,rikikido#NA1,RED,IRON,3,ADC,22,50.0,False,Gemouapa01#NA1,RED,IRON,1,SUPPORT,777,54.19,True
CIwPbX19FDeSKPFnLsj5S5en8ZUhfe-RVLO93vFXdX0=,14.22.633.1362,False,Gemouapa01#NA1,BLUE,IRON,1,TOP,777,54.19,True,Alwys Bet On Blk#NA1,BLUE,IRON,2,JUNGLE,90,52.89,False,StaticHaze#NA1,BLUE,IRON,1,MID,27,50.15,False,DragonFluFF#NA1,BLUE,IRON,4,ADC,145,44.38,False,SLYONE4#NA1,BLUE,IRON,3,SUPPORT,161,49.36,False,grizzz#7981,RED,IRON,2,TOP,82,48.79,False,uRnext702#NA1,RED,IRON,1,JUNGLE,121,47.17,False,JoeIsACloud#NA1,RED,IRON,2,MID,99,41.91,False,Xenia The Fallen#NA1,RED,IRON,3,ADC,222,40.0,False,Mistake#NA21,RED,IRON,2,SUPPORT,267,41.67,False
CIwPbX19FDct8irzQQujudPjlRb2D74B5YPHfp_Kwl8=,14.22.633.1362,False,Superbobby2020#NA1,BLUE,BRONZE,4,TOP,901,51.41,False,UlianIneahid#7591,BLUE,UNRANKED,0,JUNGLE,19,0,False,gingerwithafro05#0005,BLUE,IRON,2,MID,51,62.5,False,Jobennat#19063,BLUE,IRON,3,ADC,99,0,False,Gemouapa01#NA1,BLUE,IRON,1,SUPPORT,777,54.19,True,sirfilthingtonIV#NA1,RED,IRON,3,TOP,83,64.29,False,inyagranny#NA1,RED,IRON,2,JUNGLE,9,51.92,True,PreludeOfRequiem#NA1,RED,IRON,1,MID,27,37.1,False,lilbigot#probe,RED,IRON,1,ADC,67,48.99,False,TobeyMáguire#NA1,RED,IRON,1,SUPPORT,412,48.72,False
CIwPbX19FDe9g11Jq5QMRrBHjG3uTvPz53EGpDMKubQ=,14.22.633.1362,True,MissMichelle#NA1,BLUE,IRON,1,TOP,54,50.53,False,x onni x#NA1,BLUE,BRONZE,4,JUNGLE,141,49.9,False,JPumpkinKing#Skele,BLUE,IRON,1,MID,127,41.79,False,WagyuSalmon#777,BLUE,UNRANKED,0,ADC,21,35.29,False,Gemouapa01#NA1,BLUE,IRON,1,SUPPORT,25,54.19,True,MrDugu#NA1,RED,IRON,2,TOP,222,56.18,False,Rio4cwalk#NA1,RED,IRON,1,JUNGLE,79,47.69,False,xScarsi#TTV,RED,IRON,2,MID,7,50.85,False,Beardo12#NA1,RED,IRON,2,ADC,17,52.17,False,ItzzHo1o#MBJ,RED,IRON,2,SUPPORT,57,48.48,True
CIwPbX19FDeAeZtwLJ2IxNCd2vRyCHtgW1BOykYLWwE=,14.22.633.1362,False,HonchoJefe#2380,BLUE,IRON,3,TOP,62,51.52,False,Benji#9027,BLUE,IRON,3,JUNGLE,106,51.52,False,nomad0056#5951,BLUE,IRON,4,MID,90,37.77,False,WhitWhitx#NA1,BLUE,IRON,3,ADC,51,41.3,False,Call Me Trinity #NA1,BLUE,IRON,4,SUPPORT,235,52.27,False,shadohkai#NA1,RED,IRON,4,TOP,516,50.0,False,Mom#5228,RED,IRON,3,JUNGLE,121,37.77,False,Sparrow#750,RED,IRON,1,MID,50,44.3,False,bee#whxre,RED,IRON,3,ADC,222,33.33,False,Gemouapa01#NA1,RED,IRON,1,SUPPORT,53,54.19,True
CIwPbX19FDfG9GWNuN-y1W3vV5dZtGL8-FDT1zYU5sc=,14.22.635.4945,True,Dont Be Rankcist#NA1,BLUE,BRONZE,4,TOP,25,47.46,False,Gundam Phoenix#33333,BLUE,BRONZE,4,JUNGLE,141,50.81,False,IBreatheXenon#NA1,BLUE,IRON,1,MID,150,43.64,False,T2121#NA1,BLUE,BRONZE,4,ADC,202,51.67,True,Altocor#NA1,BLUE,IRON,3,SUPPORT,143,45.95,False,Coyote Tremor#0710,RED,BRONZE,4,TOP,83,28.57,False,Itspaperspoon#000,RED,BRONZE,4,JUNGLE,90,29.09,False,Gyo#9453,RED,BRONZE,4,MID,50,51.12,True,iSpanky#NA1,RED,IRON,2,ADC,42,39.36,False,StiffToe#NA1,RED,BRONZE,4,SUPPORT,111,51.52,False
CIwPbX19FDdhujx8x8RD8I_AyFnhE2Tganw0riSb9uQ=,14.22.635.4945,True,boogieman6#boogi,BLUE,BRONZE,4,TOP,41,48.33,False,tonychopper444#NA1,BLUE,IRON,3,JUNGLE,64,50.0,False,End0chite#NA1,BLUE,IRON,2,MID,134,45.35,False,IBreatheXenon#NA1,BLUE,IRON,1,ADC,202,43.64,False,Sidious#501,BLUE,IRON,2,SUPPORT,888,48.25,False,JayceCross#NA1,RED,IRON,2,TOP,98,47.89,False,FozzieBearMD#NA1,RED,IRON,1,JUNGLE,32,53.68,False,Shapooba1984#NA1,RED,IRON,2,MID,101,54.55,False,Tavin#BR44,RED,IRON,1,ADC,901,43.16,False,albunderson#144,RED,IRON,1,SUPPORT,117,52.52,False
CIwPbX19FDfQQUfREzBmxI7KNACIdgX2Rec0mgqCfjQ=,14.22.635.4945,True,IBreatheXenon#NA1,BLUE,BRONZE,4,TOP,223,43.64,False,TSM Boo#419,BLUE,BRONZE,4,JUNGLE,104,50.78,False,ItsMajorKaven#NA1,BLUE,IRON,1,MID,58,50.0,True,ovechkinboud#NA1,BLUE,IRON,1,ADC,222,76.92,False,Elfranck#NA1,BLUE,BRONZE,4,SUPPORT,17,41.56,False,Tulvir#NA1,RED,IRON,1,TOP,420,48.21,False,Stazy#FREE,RED,BRONZE,4,JUNGLE,82,49.66,False,bx hsani#NA1,RED,BRONZE,4,MID,157,44.83,False,Surisis#NA1,RED,IRON,2,ADC,21,50.0,False,tidenarok#NA1,RED,IRON,1,SUPPORT,161,50.0,False
CIwPbX19FDfd27Na0JRRk48-iw11oZ0DkYxboMK0FTA=,14.22.635.4945,True,VX47#V40,BLUE,BRONZE,4,TOP,106,49.48,False,Nanonut#NA1,BLUE,IRON,1,JUNGLE,254,45.95,False,UnholyPotato41#NA1,BLUE,BRONZE,4,MID,517,48.98,False,threerolltacos#NA1,BLUE,IRON,1,ADC,202,58.33,False,VeggyKray#NA1,BLUE,IRON,2,SUPPORT,57,47.74,False,IBreatheXenon#NA1,RED,IRON,1,TOP,223,43.64,False,HoldThisL#NA1,RED,IRON,4,JUNGLE,77,14.29,False,Dustmade#NA1,RED,IRON,1,MID,84,0,False,zombieslayer0120#GIRL,RED,BRONZE,4,ADC,895,47.66,True,Siziik#NA1,RED,BRONZE,4,SUPPORT,518,53.33,False
CIwPbX19FDdM8ekC1BtNNBYzIyOSI_s0W71s4ZUpQGg=,14.22.635.4945,True,ChepinTV#1978,BLUE,BRONZE,4,TOP,67,45.71,True,captain alucard#NA1,BLUE,IRON,3,JUNGLE,19,57.14,False,Checkmate#3505,BLUE,BRONZE,4,MID,517,48.45,False,iambananabread#NA1,BLUE,IRON,2,ADC,21,51.52,False,Rabdar#NA1,BLUE,IRON,1,SUPPORT,37,49.15,False,IBreatheXenon#NA1,RED,BRONZE,4,TOP,223,43.64,False,playboi farti#1600,RED,IRON,2,JUNGLE,121,57.14,False,Apokryph#NA1,RED,IRON,2,MID,90,40.91,False,vhogz333#NA1,RED,BRONZE,4,ADC,145,51.41,False,Tenño#2332,RED,UNRANKED,0,SUPPORT,99,60.0,True
CIwPbX19FDcf9u2Bnxl2RcoENiyIY8yWx__vlFloTHM=,14.22.633.1362,False,FoxPanda#2059,BLUE,BRONZE,4,TOP,266,49.42,False,Hakari#DGEN,BLUE,BRONZE,4,JUNGLE,17,47.66,False,tealicious#tea,BLUE,UNRANKED,0,MID,81,33.33,False,IBreatheXenon#NA1,BLUE,BRONZE,4,ADC,901,43.64,False,StrangeGothGirl#NA1,BLUE,BRONZE,4,SUPPORT,143,50.0,False,GodAmongstFilth#187,RED,BRONZE,4,TOP,10,46.67,False,CatchTheseHandz#NA1,RED,BRONZE,4,JUNGLE,62,46.47,False,zivane#NA1,RED,BRONZE,4,MID,136,65.38,False,Shook0n#NA1,RED,BRONZE,4,ADC,67,51.28,False,DanceOfLife#NA2,RED,IRON,2,SUPPORT,54,66.67,False
CIwPbX19FDd1bsnNRtIWOALNbiF3oILkoTRNZo1aY0w=,14.22.633.1362,True,Dopamina#6620,BLUE,IRON,2,TOP,24,53.77,True,Christian Boi#7683,BLUE,IRON,1,JUNGLE,234,50.0,False,Skaarf#KickN,BLUE,BRONZE,4,MID,101,58.33,False,kenziejb#NA1,BLUE,IRON,1,ADC,51,47.02,False,TheTSmitty#NA1,BLUE,BRONZE,4,SUPPORT,143,49.48,False,seductive monky#NA1,RED,BRONZE,4,TOP,875,50.0,False,SumKillerSeals#SKS,RED,IRON,1,JUNGLE,32,41.67,False,tmntq#5168,RED,IRON,2,MID,777,51.16,False,IBreatheXenon#NA1,RED,BRONZE,4,ADC,42,43.64,False,StiffToe#NA1,RED,IRON,1,SUPPORT,17,51.52,False
CIwPbX19FDfzvcFfyg8OA1mabxXKvV9vPmIqDIHN0zw=,14.22.633.1362,True,ŃÔX#NA1,BLUE,IRON,1,TOP,799,43.02,False,I go YAM#NA1,BLUE,BRONZE,4,JUNGLE,19,53.06,False,El Poyo#2773,BLUE,BRONZE,4,MID,101,49.48,True,IBreatheXenon#NA1,BLUE,BRONZE,4,ADC,901,43.64,False,ChirpHerb#NA1,BLUE,UNRANKED,0,SUPPORT,223,56.25,False,Finnathann#3897,RED,BRONZE,4,TOP,23,46.3,False,GooseThatIsLoose#NA1,RED,BRONZE,4,JUNGLE,106,55.77,False,Mattpyx#4015,RED,IRON,2,MID,711,51.35,True,Buniwi#NA1,RED,BRONZE,4,ADC,22,44.26,False,AnyoneCanCode#You2,RED,BRONZE,4,SUPPORT,81,60.53,False
CIwPbX19FDfSK_h1bfzHUfElup9V3hG01-pJKzKXloU=,14.22.633.1362,False,HANNI#Rabby,BLUE,IRON,1,TOP,86,57.14,False,Aeon#3312,BLUE,IRON,2,JUNGLE,876,48.65,False,DeuceJX#7759,BLUE,IRON,3,MID,50,48.15,False,hungerjays#NA1,BLUE,IRON,1,ADC,21,47.69,False,domino crown#5786,BLUE,BRONZE,4,SUPPORT,42,46.15,True,Mattpyx#4015,RED,IRON,2,TOP,63,51.35,True,GooseThatIsLoose#NA1,RED,BRONZE,4,JUNGLE,106,55.77,False,5862#Bear,RED,UNRANKED,0,MID,82,0,False,IBreatheXenon#NA1,RED,BRONZE,4,ADC,51,43.64,False,Anankai#NA1,RED,BRONZE,4,SUPPORT,267,51.22,True
CIwPbX19FDc0IqGK7MJi9YMQDY5IAWpToUhj_7xBe14=,14.22.633.1362,True,Brad#6563,BLUE,IRON,3,TOP,79,50.0,False,SirSchway#1830,BLUE,BRONZE,4,JUNGLE,35,52.73,False,tinkatink#tinky,BLUE,BRONZE,4,MID,134,50.0,False,yelnatsnart#NA1,BLUE,BRONZE,4,ADC,21,49.18,False,Qu1ller#NA1,BLUE,BRONZE,4,SUPPORT,63,50.0,False,SudsTheSith#NA1,RED,BRONZE,4,TOP,68,39.76,False,Scared Old Man#NA1,RED,IRON,2,JUNGLE,203,47.83,False,EpicEgg#0000,RED,IRON,1,MID,112,43.64,False,IBreatheXenon#NA1,RED,BRONZE,4,ADC,22,43.64,False,Auraliamag#NA1,RED,BRONZE,4,SUPPORT,147,49.21,False
CIwPbX19FDdR__o8OMPV8XCxDGs65FZF3TrchRqetHE=,14.22.633.1362,True,Axacan#00028,BLUE,BRONZE,4,TOP,223,51.81,True,BuzzKiller117#NA1,BLUE,IRON,1,JUNGLE,113,57.14,False,FocusTheRaka#NA1,BLUE,IRON,1,MID,3,43.48,False,VOR#9989,BLUE,BRONZE,3,ADC,145,57.58,False,DraQue#1414,BLUE,IRON,2,SUPPORT,34,47.52,False,Sigmar1#NA1,RED,BRONZE,4,TOP,420,0,False,Nightmare#12231,RED,BRONZE,4,JUNGLE,35,51.11,False,Sylvi#0214,RED,BRONZE,4,MID,110,51.11,False,iandf1#NA1,RED,IRON,3,ADC,236,45.83,False,J Lazy#NA1,RED,BRONZE,4,SUPPORT,115,50.91,False
CIwPbX19FDc12vM_Wu1VqlY_PKo7paa1_1NI_-XfYy0=,14.22.633.1362,True,Queencoleee#NA1,BLUE,IRON,1,TOP,68,50.6,False,stitch229#god,BLUE,BRONZE,3,JUNGLE,131,59.52,True,Sukmywhoo#NA1,BLUE,IRON,1,MID,777,45.16,False,S1rL1am#NA1,BLUE,BRONZE,4,ADC,202,51.79,False,varthr#NA1,BLUE,IRON,1,SUPPORT,902,39.25,False,giShA#NA1,RED,BRONZE,4,TOP,2,49.43,False,BuzzKiller117#NA1,RED,IRON,1,JUNGLE,113,57.14,False,CoffeeDogsGuns#NA1,RED,IRON,1,MID,99,51.77,False,Hokatu#NA1,RED,BRONZE,4,ADC,145,50.34,False,FocusTheRaka#NA1,RED,IRON,1,SUPPORT,555,43.48,False
CIwPbX19FDdwGVIBT_loVBBx6irsvaLHfvolCFIdR5I=,14.22.633.1362,True,ExpertAres#NA1,BLUE,BRONZE,3,TOP,86,52.88,False,Nomizo#5150,BLUE,IRON,1,JUNGLE,102,47.3,False,fishballsandwich#NA1,BLUE,UNRANKED,0,MID,45,0,False,AstralFurry#NA1,BLUE,BRONZE,4,ADC,202,45.61,False,smokeyequation25#8008,BLUE,BRONZE,4,SUPPORT,99,44.83,False,Skipxl#NA1,RED,BRONZE,4,TOP,17,55.81,False,BuzzKiller117#NA1,RED,UNRANKED,0,JUNGLE,113,57.14,False,LobsterMobster#NA1,RED,BRONZE,4,MID,4,49.07,False,FocusTheRaka#NA1,RED,IRON,2,ADC,145,43.48,False,Lost Warrior#NA1,RED,IRON,2,SUPPORT,350,36.84,False
CIwPbX19FDdwovUioqfZXEk4G1HJl07d38rmYyMUNds=,14.21.630.3012,True,theDmen#NA1,BLUE,BRONZE,3,TOP,31,20.0,True,shadowsoul36#sigma,BLUE,BRONZE,3,JUNGLE,17,52.46,False,tkkai#89011,BLUE,BRONZE,3,MID,777,48.21,False,Lebrönze Jämes#omg,BLUE,BRONZE,3,ADC,18,40.43,False,Inga#QW20,BLUE,BRONZE,3,SUPPORT,161,45.66,False,BuzzKiller117#NA1,RED,UNRANKED,0,TOP,150,57.14,False,IAmTheRaka#quasR,RED,BRONZE,4,JUNGLE,245,47.06,False,hoang456#NA1,RED,BRONZE,3,MID,157,54.81,False,Ismats0206#9669,RED,BRONZE,4,ADC,145,54.24,False,thdnrstrm9123#1389,RED,BRONZE,3,SUPPORT,89,52.24,False
CIwPbX19FDefy71AgJ6BuzmHsIkwUvzDuTWbuivws50=,14.21.630.3012,True,Jigfrog#NA1,BLUE,BRONZE,4,TOP,74,50.0,False,BuzzKiller117#NA1,BLUE,UNRANKED,0,JUNGLE,113,57.14,False,Joshuaart#NA1,BLUE,BRONZE,4,MID,45,52.0,True,FocusTheRaka#NA1,BLUE,IRON,2,ADC,21,43.48,False,wheresmynachos#NA1,BLUE,BRONZE,4,SUPPORT,25,51.89,False,ODog#xxx,RED,BRONZE,4,TOP,164,49.87,False,juulbool#NA1,RED,BRONZE,4,JUNGLE,11,57.14,True,int2deep#1366,RED,BRONZE,4,MID,134,40.0,False,glizzee#NA1,RED,BRONZE,4,ADC,22,33.93,False,theundeadlegion#NA1,RED,BRONZE,4,SUPPORT,16,16.67,False
CIwPbX19FDfpB3O1_g0zN00u5TcGLl2hiljrb8J0fzM=,14.21.630.3012,True,JungleDuck#NA1,BLUE,BRONZE,4,TOP,6,45.45,False,BuzzKiller117#NA1,BLUE,UNRANKED,0,JUNGLE,113,57.14,False,FilmMaker27#NA1,BLUE,BRONZE,4,MID,90,49.49,True,FocusTheRaka#NA1,BLUE,IRON,2,ADC,81,43.48,False,じゃんな#OTP,BLUE,BRONZE,4,SUPPORT,50,48.58,False,battlescare#NA1,RED,BRONZE,4,TOP,22,48.0,False,Archaic Autumn#NA1,RED,IRON,2,JUNGLE,19,48.05,False,Demo#5567,RED,IRON,4,MID,45,57.58,False,JhayBae#YTT,RED,BRONZE,2,ADC,222,54.34,False,cookie#korea,RED,IRON,2,SUPPORT,412,54.34,False
CIwPbX19FDevevJIQeBp5iR_By4oyAQ0RvVofCTNtpE=,14.21.630.3012,False,BigKy#NA1,BLUE,UNRANKED,0,TOP,10,40.0,False,ikqxwktry#NA1,BLUE,IRON,2,JUNGLE,141,52.03,True,SteBonner#NA1,BLUE,IRON,3,MID,3,50.0,False,Pychon#NA1,BLUE,IRON,4,ADC,202,44.87,False,BigRo#BigR,BLUE,IRON,2,SUPPORT,32,41.94,False,iWiniLoose#NA1,RED,UNRANKED,0,TOP,24,33.33,False,BuzzKiller117#NA1,RED,UNRANKED,0,JUNGLE,113,57.14,False,fortheyayo#NA1,RED,UNRANKED,0,MID,74,0,False,FocusTheRaka#NA1,RED,UNRANKED,0,ADC,895,43.48,False,IAmTheRaka#quasR,RED,UNRANKED,0,SUPPORT,497,47.06,False
CIwPbX19FDclCcgVg96URhu7dFZLf5jx8VgAxvVwgyg=,14.21.630.3012,False,ActualGecko#NA1,BLUE,UNRANKED,0,TOP,82,0,False,xCopperBackx#NA1,BLUE,IRON,2,JUNGLE,20,0,False,gBIGwood#NA1,BLUE,IRON,4,MID,26,0,False,thecheeseknees#grAss,BLUE,IRON,4,ADC,202,51.16,False,Lightningfrog27#NA1,BLUE,IRON,4,SUPPORT,412,50.0,False,BuzzKiller117#NA1,RED,UNRANKED,0,TOP,150,57.14,False,IAmTheRaka#quasR,RED,UNRANKED,0,JUNGLE,245,47.06,False,FocusTheRaka#NA1,RED,UNRANKED,0,MID,238,43.48,False,coldturkey#NA11,RED,IRON,2,ADC,18,23.08,False,Getsalty808#NA1,RED,UNRANKED,0,SUPPORT,223,0,False
CIwPbX19FDdxrxrtGcf2bllT818iY4AxFihwL5-S37Q=,14.21.630.3012,True,BuzzKiller117#NA1,BLUE,UNRANKED,0,TOP,150,57.14,False,FocusTheRaka#NA1,BLUE,IRON,2,JUNGLE,20,43.48,False,Cori#NA1,BLUE,BRONZE,3,MID,133,49.59,False,Brazilian swing#NA1,BLUE,IRON,1,ADC,145,52.94,False,Bowler Liam#NA1,BLUE,BRONZE,4,SUPPORT,37,48.55,False,MobBarly#Bigdz,RED,UNRANKED,0,TOP,10,47.83,False,nocorffu#3297,RED,IRON,2,JUNGLE,254,46.39,False,UsagiChiikawa#bruhh,RED,IRON,2,MID,238,50.44,False,fupaslayer45#NA1,RED,BRONZE,3,ADC,22,52.75,False,FajardoMarbro#NA1,RED,BRONZE,4,SUPPORT,35,51.52,False
CIwPbX19FDfjCSvtaCaVuP2MDuyyVdcVFJGiJqNRwQ8=,14.22.633.1362,True,Kii#sleep,BLUE,BRONZE,4,TOP,150,47.31,False,The Manager#Horde,BLUE,IRON,1,JUNGLE,245,46.72,False,omegagodfatling#009,BLUE,SILVER,3,MID,103,51.0,True,Nagi#penor,BLUE,BRONZE,4,ADC,222,47.31,False,A Polite Goose#HONK,BLUE,IRON,3,SUPPORT,117,71.43,False,NexusWearyy#NA1,RED,IRON,2,TOP,41,50.0,False,Kinsei01#NA1,RED,BRONZE,4,JUNGLE,80,53.33,True,NFGGrammy#NA1,RED,BRONZE,3,MID,432,50.41,False,kapampanganku#igpa,RED,IRON,1,ADC,19,49.23,False,Mei#911,RED,BRONZE,4,SUPPORT,711,45.62,False
CIwPbX19FDe_SfCxtNpppqpahODG2i6Q0a62p1HCSqs=,14.22.633.1362,True,Bean#9130,BLUE,BRONZE,4,TOP,75,36.36,False,The Manager#Horde,BLUE,IRON,1,JUNGLE,245,46.72,False,RainDropped#3311,BLUE,IRON,2,MID,84,50.0,False,Duesmortem13#5295,BLUE,IRON,3,ADC,202,33.33,False,HoosierDaddy317#LBM,BLUE,BRONZE,4,SUPPORT,147,49.33,False,icegeygeyfish#9696,RED,IRON,3,TOP,27,48.15,False,bootytickler121#121,RED,IRON,2,JUNGLE,876,52.75,False,TheBeastlyDoge#NA1,RED,IRON,3,MID,238,44.44,False,Platosmagic#NA1,RED,IRON,1,ADC,222,47.78,False,heeyouguys#NA1,RED,BRONZE,4,SUPPORT,80,36.36,False
CIwPbX19FDd4T1d9gNYMnYTWn7UGwcd4MAHO_BYGWoQ=,14.22.633.1362,True,gNommer#000,BLUE,SILVER,4,TOP,777,50.18,False,Chillygabiro#000,BLUE,IRON,4,JUNGLE,203,55.56,False,Golden Ferrets#NA1,BLUE,BRONZE,4,MID,103,51.81,False,LaKKoN#NA1,BLUE,BRONZE,4,ADC,21,50.0,False,rhaast x kayn#yaoi,BLUE,IRON,3,SUPPORT,50,48.98,False,Imthiccccccccc#NA420,RED,BRONZE,4,TOP,799,48.84,False,The Manager#Horde,RED,BRONZE,4,JUNGLE,245,46.72,False,aslikr#NA1,RED,BRONZE,4,MID,45,56.41,True,Shook0n#NA1,RED,IRON,2,ADC,67,51.28,False,GUNKRZ#CA1,RED,IRON,1,SUPPORT,29,35.0,False
CIwPbX19FDeW02yiEKIcuulHCg188bGR4InY1gsypm0=,14.22.633.1362,False,CheezItz#42069,BLUE,BRONZE,3,TOP,54,46.07,False,MostSanePykeMain#9999,BLUE,IRON,2,JUNGLE,131,39.29,False,The Manager#Horde,BLUE,IRON,1,MID,42,46.72,False,IDGAFmark#NA1,BLUE,BRONZE,4,ADC,51,50.0,False,boubouuu#NA1,BLUE,BRONZE,1,SUPPORT,235,54.55,False,Epicsol#5698,RED,BRONZE,3,TOP,75,41.82,True,Crushingbegins#NA1,RED,IRON,1,JUNGLE,17,36.36,False,Ctrl EZ#NA1,RED,BRONZE,4,MID,157,53.33,False,The OGGQ#NA1,RED,BRONZE,4,ADC,21,51.55,True,noBRAINZallGAINZ#2812,RED,BRONZE,4,SUPPORT,34,45.0,False
CIwPbX19FDdYw1mKmfJPBWcMyahIkjbPkltu46Kh998=,14.22.633.1362,True,Mikehockherts#NA1,BLUE,BRONZE,4,TOP,17,48.98,False,H0Fart#Trump,BLUE,BRONZE,4,JUNGLE,19,55.14,False,DialysisDayz#NA1,BLUE,BRONZE,4,MID,82,48.54,False,Hidaku#444,BLUE,BRONZE,4,ADC,3,40.0,False,ESRhardstyle#NA1,BLUE,BRONZE,2,SUPPORT,86,48.39,False,CheezItz#42069,RED,BRONZE,3,TOP,24,46.07,False,ScaleyManFish420#NA1,RED,BRONZE,3,JUNGLE,76,46.48,False,The Manager#Horde,RED,IRON,1,MID,42,46.72,False,Negaproteus#Morg,RED,BRONZE,3,ADC,21,48.0,False,Girl Butt#5081,RED,BRONZE,2,SUPPORT,37,50.0,False
CIwPbX19FDfIDvWzEne9uDBHFfNz80QwbfCXsfOyx08=,14.22.633.1362,False,CragegoryStevens#NA1,BLUE,IRON,1,TOP,50,48.08,False,GainsNoJutsu#007,BLUE,BRONZE,3,JUNGLE,17,47.83,False,CursedKnight#9621,BLUE,IRON,3,MID,54,36.36,False,bagofcrablegs#NA1,BLUE,IRON,2,ADC,80,46.83,False,Jake#asda,BLUE,BRONZE,4,SUPPORT,13,46.72,False,CheezItz#42069,RED,BRONZE,3,TOP,86,46.07,False,mcblondie#NA1,RED,BRONZE,3,JUNGLE,59,46.79,True,The Manager#Horde,RED,IRON,1,MID,777,46.72,False,Bns#NA1,RED,IRON,1,ADC,51,44.44,False,BlackDartZ#NA1,RED,BRONZE,4,SUPPORT,53,55.56,False
CIwPbX19FDeIeKJSXjR3_wDKWBZbECZAz14sNl2vN_k=,14.22.633.1362,True,SoncaHK#NA1,BLUE,BRONZE,3,TOP,27,51.68,False,WixenKings#NA1,BLUE,BRONZE,4,JUNGLE,102,50.0,False,Minions#Zach,BLUE,BRONZE,4,MID,203,36.73,False,FillTheThrill#NA1,BLUE,BRONZE,2,ADC,21,50.0,False,PrincessTenna#Prncs,BLUE,BRONZE,4,SUPPORT,518,54.17,False,CheezItz#42069,RED,BRONZE,3,TOP,86,46.07,False,The Manager#Horde,RED,BRONZE,4,JUNGLE,72,46.72,False,graydog11#1079,RED,BRONZE,3,MID,105,46.26,False,deputysqueral1#NA1,RED,UNRANKED,0,ADC,51,0,False,Dixie normous#ABC,RED,BRONZE,4,SUPPORT,235,44.19,False
CIwPbX19FDcfK4I2Vfl6HS6J0yQm_qhAdpuqkRcOcsA=,14.22.633.1362,True,Promopy53#Oscar,BLUE,BRONZE,4,TOP,36,44.44,True,cruellyfast#NA1,BLUE,BRONZE,4,JUNGLE,234,55.05,False,焼きそば#5489,BLUE,IRON,2,MID,134,54.55,True,Lucilius#0000,BLUE,BRONZE,4,ADC,21,46.39,False,Nagaïna#NA1,BLUE,BRONZE,3,SUPPORT,25,49.15,True,The Manager#Horde,RED,BRONZE,4,TOP,17,46.72,False,JediMassah#NA1,RED,IRON,1,JUNGLE,32,49.56,False,ChadwickD#NA1,RED,BRONZE,4,MID,161,51.19,False,Fortikai#Rat,RED,UNRANKED,0,ADC,11,50.0,False,AngelPlays#NA1,RED,BRONZE,4,SUPPORT,126,49.49,False
CIwPbX19FDdULM5xNdDBhJmCeYTbzpjdDJ11z2FqWD0=,14.22.633.1362,False,The Manager#Horde,BLUE,BRONZE,4,TOP,799,46.72,False,WeLuvPanda#6367,BLUE,BRONZE,4,JUNGLE,102,49.02,False,CaAWL2#NA1,BLUE,BRONZE,4,MID,103,48.13,False,ColPr#NA1,BLUE,BRONZE,4,ADC,21,49.5,False,LEETEN#TORT,BLUE,IRON,1,SUPPORT,142,50.0,False,vvesy#00001,RED,UNRANKED,0,TOP,420,69.23,True,DukeOChutney#NA1,RED,BRONZE,3,JUNGLE,104,48.04,False,Zenith#3822,RED,BRONZE,3,MID,45,52.78,True,ferraristore#NA1,RED,BRONZE,4,ADC,523,52.78,True,IE IP II C#NA1,RED,BRONZE,4,SUPPORT,34,58.46,False
CIwPbX19FDee8Tfq7fUBgsPf4AgKAIfogpUSGY8I_x4=,14.22.633.1362,True,Derplenberg#NA1,BLUE,IRON,1,TOP,54,44.96,True,huzed#NA1,BLUE,IRON,2,JUNGLE,20,44.44,False,tw4twaffle#3003,BLUE,IRON,1,MID,105,50.0,False,reni#0102,BLUE,IRON,2,ADC,51,53.12,False,buterfliiies#NA1,BLUE,IRON,2,SUPPORT,99,48.57,False,The Manager#Horde,RED,BRONZE,4,TOP,893,46.72,False,Mooker 101#Bl00d,RED,IRON,2,JUNGLE,517,52.94,False,ScuffedCharger#NA1,RED,IRON,4,MID,238,40.0,False,LUKESKYWALKERorz#3114,RED,IRON,2,ADC,18,45.41,False,tobescosauce#ZOFGK,RED,IRON,2,SUPPORT,57,56.41,False
CIwPbX19FDdGN9Z83z4Lyg4YSDqLZC3le1t0RONQhbM=,14.22.635.4945,True,Draco#WRLD,BLUE,BRONZE,1,TOP,82,37.25,False,PatitoJuan#NA1,BLUE,BRONZE,2,JUNGLE,104,77.78,True,Heisenberg#4711,BLUE,BRONZE,1,MID,112,47.8,False,nikkyg1#NA1,BLUE,IRON,1,ADC,498,37.25,False,Aetheus#NA1,BLUE,SILVER,2,SUPPORT,201,45.83,False,BumBlaster#420,RED,BRONZE,1,TOP,19,50.0,True,LoonCyborg#NA1,RED,BRONZE,2,JUNGLE,233,44.44,False,Phantom#G381,RED,BRONZE,1,MID,910,37.25,False,Resh#1111,RED,GOLD,4,ADC,222,47.62,False,Darkaaaaa#1800,RED,UNRANKED,0,SUPPORT,12,0,False
CIwPbX19FDcMOkw9mfjmNn0d8G_q2eijtfsRL4q-Gd0=,14.22.635.4945,True,SigmaMaleRiddler#NA1,BLUE,SILVER,4,TOP,75,56.2,False,will#reyn,BLUE,SILVER,4,JUNGLE,234,48.91,False,Veevee#Ship,BLUE,BRONZE,2,MID,69,45.0,True,chancekush#Metal,BLUE,SILVER,4,ADC,81,40.48,True,Due#sit,BLUE,SILVER,4,SUPPORT,99,48.89,False,Rowiidow#NA1,RED,SILVER,4,TOP,266,48.08,False,nikkyg1#NA1,RED,IRON,1,JUNGLE,203,37.25,False,joleebindooo#NA1,RED,SILVER,4,MID,84,39.39,False,Aetheus#NA1,RED,SILVER,2,ADC,202,45.83,False,goldstaraward#0407,RED,SILVER,4,SUPPORT,143,52.76,False
CIwPbX19FDe7kADtOqEkFHFeS3c9OlWrAcxyxS5-cio=,14.22.635.4945,True,Masauwu#NA1,BLUE,IRON,4,TOP,36,43.67,False,Observate#NA1,BLUE,UNRANKED,0,JUNGLE,9,50.0,True,lateaugust#NA1,BLUE,IRON,1,MID,45,49.45,False,Orochihameha#NA1,BLUE,BRONZE,1,ADC,145,48.31,True,nikkyg1#NA1,BLUE,IRON,1,SUPPORT,497,37.25,False,GWings88#7808,RED,IRON,3,TOP,3,44.44,False,PhantymmTTV#9854,RED,IRON,2,JUNGLE,234,44.44,False,Nightshade05#NA1,RED,BRONZE,4,MID,99,57.35,True,Skykaos#8074,RED,UNRANKED,0,ADC,51,0,False,BudgetShroud23#3127,RED,IRON,3,SUPPORT,147,60.0,False
CIwPbX19FDdemXfdgg3GJ-RyjZz0uDNkUHZ32QOe0Ww=,14.22.635.4945,False,Wiizzle9k#NA1,BLUE,IRON,2,TOP,83,0,False,Goodra#OhNo,BLUE,BRONZE,4,JUNGLE,72,42.31,False,John Pork#4real,BLUE,IRON,3,MID,99,12.5,False,deep#ben,BLUE,BRONZE,3,ADC,51,52.31,False,IchigoatKurosaki#001,BLUE,BRONZE,4,SUPPORT,45,12.5,False,reïd#wa ge,RED,IRON,1,TOP,86,40.32,False,bheemapandav#NA1,RED,IRON,2,JUNGLE,48,45.16,False,Lucien#mug,RED,IRON,2,MID,777,53.85,False,JipidyDoo#NA1,RED,BRONZE,4,ADC,222,54.95,True,nikkyg1#NA1,RED,IRON,1,SUPPORT,111,37.25,False
CIwPbX19FDc0vSa8vqqUSI7A8LCXmQPXSmMjKU-RdAY=,14.22.635.4945,True,XXXfeedtacion#NA1,BLUE,IRON,4,TOP,85,55.56,False,nikkyg1#NA1,BLUE,IRON,1,JUNGLE,203,37.25,False,kingdanny1#NA1,BLUE,BRONZE,4,MID,711,50.0,False,venom2173#NA1,BLUE,IRON,2,ADC,12,50.0,False,BigBoyTimThe1st#NA1,BLUE,BRONZE,4,SUPPORT,53,75.0,False,LUIGIS PUBE#1109,RED,BRONZE,4,TOP,33,50.0,False,Macabies#3132,RED,IRON,3,JUNGLE,233,50.0,False,lonelynumberone#7794,RED,UNRANKED,0,MID,45,37.5,False,بشوره#شامي,RED,IRON,4,ADC,51,40.12,False,KingAguis#NA1,RED,IRON,1,SUPPORT,3,48.48,False
CIwPbX19FDdhTb3hmpk5JYs2yCR285dAejIPS_GFpcE=,14.22.635.4945,True,amger issues sry#soSry,BLUE,BRONZE,4,TOP,39,49.42,False,nikkyg1#NA1,BLUE,IRON,1,JUNGLE,203,37.25,False,zula#float,BLUE,IRON,1,MID,105,48.15,False,Shadow#GØD,BLUE,IRON,1,ADC,360,50.0,False,Desired Guardian#NA1,BLUE,IRON,1,SUPPORT,99,52.63,False,JetLi2008#NA1,RED,IRON,2,TOP,777,45.0,False,LeoNim#117,RED,IRON,1,JUNGLE,245,49.31,False,sagunto#NA1,RED,BRONZE,4,MID,45,50.0,False,sorryitwasntme#5222,RED,BRONZE,4,ADC,145,47.42,False,TheSendingUnit#NA1,RED,IRON,2,SUPPORT,111,52.75,False
CIwPbX19FDdQxakB0WuY085FU547MQrRcSHnVj4KEIU=,14.22.635.4945,False,1001STAXXX#5919,BLUE,IRON,3,TOP,85,50.0,True,nikkyg1#NA1,BLUE,IRON,1,JUNGLE,203,37.25,False,ImaRoll#NA1,BLUE,BRONZE,4,MID,777,38.78,False,Patrio7s#4417,BLUE,BRONZE,4,ADC,360,49.66,True,shamwise23#NA1,BLUE,UNRANKED,0,SUPPORT,9,50.0,False,KDAlex#ecco,RED,IRON,2,TOP,875,16.67,True,nexo#5408,RED,BRONZE,4,JUNGLE,887,46.97,False,dawson#haha,RED,IRON,1,MID,166,45.45,False,Pierce2340#9261,RED,IRON,2,ADC,21,50.0,False,Clem Fandango#NABOT,RED,BRONZE,4,SUPPORT,12,56.52,False
CIwPbX19FDfiN7rMST8wPHuJegBNyhtmwznds2xFvkA=,14.22.635.4945,False,Trizzly#titan,BLUE,BRONZE,2,TOP,122,46.15,False,BdWarHammer#9600,BLUE,BRONZE,4,JUNGLE,136,50.36,False,Pico con feet#1394,BLUE,IRON,1,MID,112,17.39,False,PrisonMike#Mikey,BLUE,UNRANKED,0,ADC,81,55.56,False,JohnnyRK#NA1,BLUE,UNRANKED,0,SUPPORT,412,50.0,False,Allblue#6927,RED,BRONZE,2,TOP,420,52.0,True,nikkyg1#NA1,RED,IRON,1,JUNGLE,203,37.25,False,Ra1n TheCodeR#NA1,RED,UNRANKED,0,MID,711,0,False,ZEN FENIX#pog,RED,BRONZE,4,ADC,901,37.5,False,chickenkingking#NA1,RED,IRON,3,SUPPORT,111,51.02,False
CIwPbX19FDcaMYMSgBvLoCgqBWii6ARvl1Ah7Raw3qw=,14.22.635.4945,False,LazyPanda#asian,BLUE,IRON,2,TOP,36,55.84,False,mysteryprostate#5050,BLUE,BRONZE,4,JUNGLE,32,80.0,False,Noodle#Dood,BLUE,IRON,1,MID,103,47.46,False,Awesmon#NA1,BLUE,IRON,3,ADC,901,54.37,False,gaycrow89#1989,BLUE,IRON,3,SUPPORT,99,44.44,False,ｅｌｏｈｉｍ#D00M,RED,IRON,4,TOP,268,41.46,False,nikkyg1#NA1,RED,IRON,1,JUNGLE,203,37.25,False,Chronic#Sad11,RED,BRONZE,3,MID,777,47.46,False,neclif#NA1,RED,BRONZE,4,ADC,429,57.89,True,TrueCrisis#JB3,RED,IRON,4,SUPPORT,111,46.67,True
CIwPbX19FDfn5NpjBbgOYZmFloQmJnmYx2RZOnpHYj8=,14.22.635.4945,True,Sc0rpionSlayer#28000,BLUE,IRON,3,TOP,82,44.93,False,nikkyg1#NA1,BLUE,IRON,1,JUNGLE,203,37.25,False,Gmgkelvoo#bad,BLUE,IRON,1,MID,777,49.78,False,Bao#5678,BLUE,IRON,2,ADC,99,49.47,False,LeonRyujin#NA1,BLUE,IRON,2,SUPPORT,412,48.28,True,crushedskullz#NA1,RED,IRON,2,TOP,901,50.85,False,Beretta1301 #NA1,RED,IRON,2,JUNGLE,75,50.0,False,meeow#kitty,RED,IRON,4,MID,131,40.74,False,JaffaJake#NA1,RED,IRON,1,ADC,96,47.06,True,o00o  O O  o00o#NA1,RED,IRON,3,SUPPORT,63,69.23,False
CIwPbX19FDcVhHKzlzbSaV5ua-c2daIb7fRqKH44cr8=,14.22.635.4945,True,chitchman#NA1,BLUE,BRONZE,2,TOP,27,54.69,False,SoloBubbles#NA1,BLUE,BRONZE,2,JUNGLE,60,41.18,True,h0sea#NA1,BLUE,BRONZE,2,MID,799,51.72,False,SwordOf1000Truth#NA1,BLUE,SILVER,3,ADC,74,61.54,False,slslslslslslslp#NA1,BLUE,BRONZE,4,SUPPORT,143,54.35,False,WhatIsSound#NA1,RED,BRONZE,2,TOP,106,47.79,False,swagpatty33#NA1,RED,IRON,3,JUNGLE,20,46.15,False,dog#97150,RED,SILVER,2,MID,131,51.72,False,Ted Bùndy#NA1,RED,BRONZE,1,ADC,145,32.61,False,MichaelScarn709#NA1,RED,BRONZE,2,SUPPORT,910,52.9,True
CIwPbX19FDcbv_B9h1HWBo26x_xHIkfwDIxz02ygHgI=,14.22.635.4945,True,Peazed#Wood,BLUE,BRONZE,1,TOP,50,50.55,False,Cast3r#3333,BLUE,BRONZE,2,JUNGLE,254,54.87,False,i h8 this game#sadge,BLUE,BRONZE,1,MID,23,44.55,False,blueguy1001#NA1,BLUE,BRONZE,1,ADC,81,52.7,False,ƒartbox#NA1,BLUE,BRONZE,2,SUPPORT,147,67.57,True,John Dyyrr#007,RED,BRONZE,1,TOP,223,30.77,False,SwordOf1000Truth#NA1,RED,SILVER,3,JUNGLE,9,61.54,False,flunitrazepam#zzzzz,RED,BRONZE,1,MID,10,49.6,False,salamikami#NA1,RED,BRONZE,3,ADC,51,40.0,False,slslslslslslslp#NA1,RED,BRONZE,4,SUPPORT,143,54.35,False
CIwPbX19FDcsDxQZML684LR57sB6OkoXtQG00wpSj7A=,14.22.635.4945,False,Enjoytheview#NA1,BLUE,BRONZE,2,TOP,875,56.67,False,SwordOf1000Truth#NA1,BLUE,SILVER,3,JUNGLE,35,61.54,False,slslslslslslslp#NA1,BLUE,BRONZE,4,MID,90,54.35,False,Tomkiller#TKILL,BLUE,BRONZE,2,ADC,51,44.0,False,4narchy#NA1,BLUE,BRONZE,2,SUPPORT,518,33.33,False,Pututu#NA123,RED,SILVER,4,TOP,799,38.24,False,muccimykey#NA1,RED,BRONZE,3,JUNGLE,104,0,True,Love#5683,RED,BRONZE,3,MID,101,54.35,False,Azrakel#9564,RED,BRONZE,2,ADC,222,57.14,False,Matt Stinker#19987,RED,BRONZE,2,SUPPORT,412,0,False
CIwPbX19FDdo3r47NA_32EeDoMQPeNClVRn23cIbNuA=,14.22.635.4945,False,Bjorddd#Val,BLUE,BRONZE,3,TOP,420,58.33,False,L c0c0#NA1,BLUE,BRONZE,1,JUNGLE,11,50.75,True,healingmesoftly#NA1,BLUE,BRONZE,1,MID,7,45.69,False,SwordOf1000Truth#NA1,BLUE,SILVER,3,ADC,74,61.54,False,slslslslslslslp#NA1,BLUE,BRONZE,4,SUPPORT,143,54.35,False,Corrupted Azir#SANDS,RED,SILVER,4,TOP,268,58.33,False,AddItToTheList22#NA1,RED,BRONZE,3,JUNGLE,106,42.86,False,Meat Rolled#NA1,RED,SILVER,4,MID,777,43.81,False,ObamabinGaming#3558,RED,SILVER,4,ADC,81,47.37,False,bullet97#NA1,RED,BRONZE,1,SUPPORT,44,57.5,False
CIwPbX19FDc7DSLZdqo_T3xJYTGlKfruEC3vDn1J5mk=,14.22.635.4945,False,TheRamz#T2P,BLUE,BRONZE,4,TOP,82,42.11,False,Dick Pickle#420,BLUE,BRONZE,3,JUNGLE,19,26.32,False,0liver Clozoff#NA1,BLUE,SILVER,4,MID,84,45.0,False,SwordOf1000Truth#NA1,BLUE,SILVER,3,ADC,74,61.54,False,slslslslslslslp#NA1,BLUE,BRONZE,4,SUPPORT,63,54.35,False,JosephDicke#NA1,RED,SILVER,4,TOP,122,83.33,True,AT1red0ne#SLEEP,RED,BRONZE,3,JUNGLE,60,45.92,True,HyPebeast260#8495,RED,BRONZE,2,MID,246,36.36,False,IPuntBabies#TKQ0,RED,BRONZE,2,ADC,67,42.86,False,ondatassince02#4581,RED,BRONZE,3,SUPPORT,53,50.0,False
CIwPbX19FDcp39i8SebJ_NqlTSqYmcfvkeo7KgskHkI=,14.22.635.4945,False,Jisiras#NA1,BLUE,BRONZE,1,TOP,23,56.25,True,SpeedwaGONs Hat#9581,BLUE,SILVER,4,JUNGLE,141,51.85,False,Tynado#NA1,BLUE,BRONZE,1,MID,90,50.0,False,SwordOf1000Truth#NA1,BLUE,SILVER,2,ADC,74,61.54,False,slslslslslslslp#NA1,BLUE,BRONZE,4,SUPPORT,143,54.35,False,TH3Silenc3#NA1,RED,SILVER,4,TOP,799,42.22,False,Lunarshiny#NA1,RED,BRONZE,2,JUNGLE,56,49.02,False,Your Girls Duo#daddy,RED,BRONZE,2,MID,103,46.88,False,MyBairyHalls#420,RED,SILVER,4,ADC,51,46.67,False,CashMoney#3648,RED,BRONZE,1,SUPPORT,63,55.26,False
CIwPbX19FDe-Y0_XO1Ls3idm50RwYZfROUmifmIgTFI=,14.22.635.4945,False,SirSlapps#SLAPP,BLUE,SILVER,3,TOP,901,69.09,False,IceStorm67#NA1,BLUE,BRONZE,4,JUNGLE,56,57.14,False,Very Drunk#NA1,BLUE,BRONZE,1,MID,1,43.24,False,SwordOf1000Truth#NA1,BLUE,SILVER,2,ADC,74,61.54,False,slslslslslslslp#NA1,BLUE,BRONZE,4,SUPPORT,143,54.35,False,Him Horton#1841,RED,SILVER,2,TOP,86,50.0,False,Persi Vil#NA1,RED,SILVER,4,JUNGLE,131,54.2,False,Hussein#MJ4L,RED,BRONZE,3,MID,517,49.06,False,BaronBigBad#NA1,RED,SILVER,4,ADC,81,55.56,False,Contagion Engine#NA1,RED,BRONZE,2,SUPPORT,9,51.22,True
CIwPbX19FDfBKRI0jx5XbDj2mzzxc8GczmSsb5v_w_I=,14.22.635.4945,True,qrtgtf#NA1,BLUE,BRONZE,1,TOP,41,43.33,False,Peng57821#LOL,BLUE,BRONZE,2,JUNGLE,234,50.88,False,sana#0420,BLUE,SILVER,3,MID,84,47.78,False,SwordOf1000Truth#NA1,BLUE,SILVER,3,ADC,74,61.54,False,slslslslslslslp#NA1,BLUE,BRONZE,4,SUPPORT,143,54.35,False,Spank#Spvnk,RED,BRONZE,2,TOP,50,60.0,False,Overactive#NA1,RED,UNRANKED,0,JUNGLE,122,57.14,False,Aierhua#AierH,RED,SILVER,2,MID,45,58.42,True,Ayesidamushi#NA1,RED,SILVER,4,ADC,21,50.0,False,smallluoli#NA1,RED,IRON,1,SUPPORT,3,40.91,False
CIwPbX19FDflGmLJtHtLNO3WduUlRRE_M0rsjFEDRPk=,14.22.635.4945,True,kewlnamee#NA1,BLUE,SILVER,4,TOP,887,45.28,True,ArtisanDodger#NA1,BLUE,SILVER,4,JUNGLE,5,50.0,False,peganpriest#NA1,BLUE,SILVER,4,MID,245,49.58,False,SwordOf1000Truth#NA1,BLUE,SILVER,2,ADC,74,61.54,False,slslslslslslslp#NA1,BLUE,BRONZE,3,SUPPORT,143,54.35,False,thugger#4176,RED,SILVER,4,TOP,19,52.67,True,MickBard#NA1,RED,BRONZE,1,JUNGLE,876,48.39,False,Raphatomicsmurf#NA1,RED,BRONZE,1,MID,901,49.3,False,OceanicBear#NA1,RED,BRONZE,1,ADC,51,52.54,False,9ravestone#NA1,RED,BRONZE,1,SUPPORT,111,42.35,False
CIwPbX19FDe0cXyn27ufjU4dohbxlZaiFKEQtPJ9Iw8=,14.22.635.4945,True,thugger#4176,BLUE,SILVER,4,TOP,19,52.67,True,MickBard#NA1,BLUE,BRONZE,1,JUNGLE,876,48.39,False,Raphatomicsmurf#NA1,BLUE,BRONZE,1,MID,901,49.3,False,OceanicBear#NA1,BLUE,BRONZE,1,ADC,51,52.54,False,ElJefe479#3624,BLUE,BRONZE,2,SUPPORT,25,40.0,False,Roden#ODIN,RED,SILVER,4,TOP,777,42.97,False,Worwsamat#NA1,RED,UNRANKED,0,JUNGLE,62,22.73,False,Yasuo#Moosn,RED,BRONZE,1,MID,157,40.0,False,SwordOf1000Truth#NA1,RED,SILVER,2,ADC,74,61.54,False,slslslslslslslp#NA1,RED,BRONZE,3,SUPPORT,143,54.35,False
CIwPbX19FDe5_D8A2KnOFqBA84LKKlpvoZ-KAsa6Nes=,14.21.630.3012,True,BloodPop#NA1,BLUE,SILVER,4,TOP,83,47.62,False,Tobio#Hina,BLUE,IRON,1,JUNGLE,113,60.0,False,JMØØ#2DOT,BLUE,BRONZE,1,MID,103,53.7,False,yG Arctic#7478,BLUE,BRONZE,2,ADC,145,49.28,False,Arkto#NK1,BLUE,BRONZE,1,SUPPORT,235,50.54,False,Saddboy#NA1,RED,BRONZE,3,TOP,75,44.07,False,BuzzXBS#137,RED,SILVER,4,JUNGLE,223,52.11,True,Happykillingaaa#NA1,RED,BRONZE,3,MID,105,43.33,False,ATG Ominous#NA2,RED,BRONZE,2,ADC,119,49.7,False,TheGuyWhoSaysMeh#NA1,RED,BRONZE,3,SUPPORT,111,40.0,False
CIwPbX19FDeAX3vrSIhYSmWeWC-2uOel9r7dU3qjJMI=,14.21.630.3012,False,BloodPop#NA1,BLUE,SILVER,4,TOP,82,47.62,False,gknight7#NA1,BLUE,BRONZE,4,JUNGLE,17,52.69,True,manSlay3r312#NA1,BLUE,SILVER,1,MID,910,41.94,False,Tobio#Hina,BLUE,IRON,1,ADC,429,60.0,False,mommys kitten#awda,BLUE,SILVER,4,SUPPORT,235,48.77,True,Asura#Z880,RED,BRONZE,2,TOP,80,0,False,SUESHI#MACHI,RED,BRONZE,3,JUNGLE,11,64.29,False,Bumblebear11#aha,RED,SILVER,3,MID,103,50.75,False,Maddy#2001,RED,SILVER,4,ADC,202,49.15,False,Selioda#NA1,RED,UNRANKED,0,SUPPORT,223,0,False
CIwPbX19FDdjoHdbnU1IqCAx45PdL9A1x1N4sLN_R_A=,14.21.630.3012,False,kata#455,BLUE,SILVER,4,TOP,86,45.0,False,NonIratePirate#NA1,BLUE,BRONZE,1,JUNGLE,102,48.57,False,ChristPrice#NA1,BLUE,BRONZE,1,MID,90,56.9,False,The Virtuo5o#NA1,BLUE,BRONZE,1,ADC,21,47.06,False,imcxx#NA1,BLUE,BRONZE,3,SUPPORT,63,42.31,False,BloodPop#NA1,RED,SILVER,4,TOP,36,47.62,False,FE Homage#NA1,RED,BRONZE,3,JUNGLE,59,57.14,False,WhoMyYou#NA1,RED,SILVER,3,MID,131,51.28,False,Tobio#Hina,RED,IRON,1,ADC,22,60.0,False,FE Littlepip#NA1,RED,BRONZE,3,SUPPORT,267,62.5,False
CIwPbX19FDcLaIXKuz5FFnryBsYA3PVE2cgzg3txkWs=,14.21.630.3012,True,GodofMelons#9081,BLUE,BRONZE,1,TOP,875,47.54,False,awooooooooooooga#awoga,BLUE,BRONZE,1,JUNGLE,233,52.94,False,Xiaotian#NA9,BLUE,UNRANKED,0,MID,777,70.0,False,F1ZZ 0N UR FAC3#7113,BLUE,BRONZE,2,ADC,67,40.48,False,Shy Simp#NA1,BLUE,BRONZE,3,SUPPORT,267,28.57,False,BloodPop#NA1,RED,SILVER,4,TOP,82,47.62,False,IG Influencer#NA1,RED,SILVER,4,JUNGLE,9,49.46,False,Tobio#Hina,RED,IRON,1,MID,517,60.0,False,Hypę#NA1,RED,UNRANKED,0,ADC,145,33.33,False,Veles#God,RED,UNRANKED,0,SUPPORT,24,33.33,False
CIwPbX19FDfHmxOw4dnTf_9Iqbjlz0eZatMt1_mq1i8=,14.21.630.3012,False,BloodPop#NA1,BLUE,SILVER,4,TOP,82,47.62,False,freshlyb0y#NA1,BLUE,BRONZE,2,JUNGLE,56,61.43,False,Tobio#Hina,BLUE,IRON,1,MID,517,60.0,False,pringusdingus#123,BLUE,BRONZE,1,ADC,523,46.38,False,Julie Tequila#NA1,BLUE,BRONZE,2,SUPPORT,37,42.86,False,RagingChicken#NA69,RED,UNRANKED,0,TOP,17,39.13,False,AnosVoldigoad096#BTC,RED,UNRANKED,0,JUNGLE,234,66.67,False,00WingZero#NA1,RED,BRONZE,1,MID,777,46.46,False,PineapplePie#1017,RED,SILVER,4,ADC,81,73.33,False,BOMBS HAVE GLUE#NA1,RED,BRONZE,4,SUPPORT,25,85.0,False
CIwPbX19FDeFRdX4Op7fx3bYuE5Tvnyra4WRXvuo20s=,14.21.630.3012,True,GoldenExp#NA1,BLUE,BRONZE,1,TOP,86,54.44,False,BloodPop#NA1,BLUE,SILVER,4,JUNGLE,56,47.62,False,Tobio#Hina,BLUE,IRON,1,MID,238,60.0,False,EzRealEasyZ#NA1,BLUE,BRONZE,3,ADC,202,52.83,False,girthusmaximus55#1984,BLUE,BRONZE,2,SUPPORT,26,50.0,False,SkyPlank#NA1,RED,UNRANKED,0,TOP,106,14.29,False,wks#NA1,RED,BRONZE,2,JUNGLE,32,51.85,False,Maggie Lindemann#PRNIA,RED,BRONZE,1,MID,127,20.0,False,Waynetrain24#NA1,RED,UNRANKED,0,ADC,360,27.27,False,Mort#ahhh,RED,SILVER,4,SUPPORT,201,22.22,False
CIwPbX19FDfnYX4Y_pgtHk4cVVolXn6sodRF84ArAXs=,14.21.630.3012,False,BloodPop#NA1,BLUE,SILVER,4,TOP,82,47.62,False,TF YiangZhi#THICC,BLUE,BRONZE,4,JUNGLE,5,51.22,True,bufuu#d1e,BLUE,UNRANKED,0,MID,55,57.89,False,Tobio#Hina,BLUE,IRON,1,ADC,81,60.0,False,SamirasBlade#NAH,BLUE,BRONZE,2,SUPPORT,555,60.0,False,blackacid#8520,RED,UNRANKED,0,TOP,17,0,False,fulldamagehorsey#NA1,RED,UNRANKED,0,JUNGLE,234,0,False,sicko63#NA1,RED,BRONZE,1,MID,13,63.33,True,PrimeEiko#NA1,RED,SILVER,3,ADC,498,41.18,False,Bomb NewJeans#NAE,RED,BRONZE,4,SUPPORT,497,45.16,False
CIwPbX19FDfCwTjQquifHqh9N5G9sYEnRDJscL5b9gI=,14.21.630.3012,True,BloodPop#NA1,BLUE,SILVER,4,TOP,82,47.62,False,SnapChatDicPic#NA1,BLUE,BRONZE,3,JUNGLE,48,52.27,False,Tobio#Hina,BLUE,IRON,1,MID,517,60.0,False,Beletald#NA1,BLUE,IRON,1,ADC,202,60.0,False,Coryigon#NA1,BLUE,BRONZE,3,SUPPORT,350,51.52,False,CatInTheHat#DRZUS,RED,UNRANKED,0,TOP,92,29.41,False,notprtrained#human,RED,IRON,1,JUNGLE,234,49.67,False,authenticdomina#NA1,RED,UNRANKED,0,MID,61,60.0,False,iLrMarshall#NA1,RED,BRONZE,2,ADC,498,50.0,False,mandysauce#NA1,RED,BRONZE,3,SUPPORT,37,44.32,True
CIwPbX19FDc219fKAzRmfVRxHGW1tvlVORvieeopEw4=,14.21.629.951,True,xpjlukinx#NA1,BLUE,BRONZE,3,TOP,23,12.5,False,Basically Vayne#NA1,BLUE,BRONZE,1,JUNGLE,17,52.25,False,TwinkKing#NA1,BLUE,BRONZE,2,MID,115,54.43,False,DarkAngel364#NA1,BLUE,UNRANKED,0,ADC,81,0,False,Anime999#1581,BLUE,BRONZE,1,SUPPORT,117,60.87,False,BloodPop#NA1,RED,SILVER,4,TOP,82,47.62,False,hyperion#Sen,RED,BRONZE,2,JUNGLE,234,62.5,False,Tobio#Hina,RED,IRON,1,MID,777,60.0,False,slylee#NA1,RED,BRONZE,1,ADC,901,47.74,False,JerryTheFat#NA1,RED,BRONZE,3,SUPPORT,16,51.28,False
CIwPbX19FDdGfWXYmhN7RqXfVg9AXtC5V4gQo5_SbT8=,14.21.629.951,False,Get Weezerd#NA1,BLUE,SILVER,4,TOP,67,39.47,False,melona#F4Q,BLUE,UNRANKED,0,JUNGLE,56,40.0,False,AceKyrios#Ace,BLUE,BRONZE,2,MID,517,37.04,False,Mearengurus#NA1,BLUE,SILVER,4,ADC,145,49.58,False,kuxika#670,BLUE,BRONZE,2,SUPPORT,12,46.81,False,BloodPop#NA1,RED,UNRANKED,0,TOP,82,47.62,False,Wasizzzz#1818,RED,BRONZE,3,JUNGLE,11,49.22,False,Tobio#Hina,RED,IRON,1,MID,42,60.0,False,Berrymilk#0305,RED,SILVER,2,ADC,202,49.43,False,Aileron#NA1,RED,BRONZE,3,SUPPORT,61,48.15,False
CIwPbX19FDdnRxSKOtaCIeSd1esxE-iqKk3KqUL3GHs=,14.22.635.4945,False,informous#NA1,BLUE,IRON,2,TOP,10,44.12,False,ßad#69690,BLUE,IRON,3,JUNGLE,163,47.67,False,Zuraxle#NA1,BLUE,IRON,4,MID,99,0,False,Kakashi#4331,BLUE,IRON,1,ADC,901,0,False,RobertRoss#5625,BLUE,IRON,3,SUPPORT,201,45.45,False,Rotting Rocks#rotrk,RED,IRON,4,TOP,57,37.5,False,upper decky#minn,RED,IRON,4,JUNGLE,17,45.61,False,Jukk0#NA1,RED,IRON,1,MID,157,25.0,False,OPKjpg#3169,RED,IRON,4,ADC,51,50.0,False,noobhebrewheimer#NA1,RED,IRON,3,SUPPORT,74,45.83,False
CIwPbX19FDejW_bBpJxJehY-B96LT1iEcWbw0yws_7I=,14.22.635.4945,False,Vuks12#NA1,BLUE,BRONZE,4,TOP,82,48.05,False,upper decky#minn,BLUE,IRON,4,JUNGLE,19,45.61,False,Jukk0#NA1,BLUE,IRON,1,MID,157,25.0,False,Mako#zoom,BLUE,IRON,1,ADC,202,52.63,False,monkefunky23906#2621,BLUE,IRON,3,SUPPORT,111,35.0,False,Balenciaga#akeno,RED,BRONZE,4,TOP,67,44.74,True,MrWenberg#NA1,RED,IRON,3,JUNGLE,17,46.15,False,jkjk9122#NA1,RED,BRONZE,4,MID,711,47.12,False,som1Original#NA1,RED,UNRANKED,0,ADC,51,0,False,Mongoose#Mongy,RED,BRONZE,4,SUPPORT,54,52.63,False
CIwPbX19FDeDzgKMpxc5RiS_aKAPrVuSl61JOw68W7g=,14.22.635.4945,False,Jace Xanthos#NA1,BLUE,IRON,3,TOP,2,48.89,False,YeddieStoneCold#1023,BLUE,IRON,4,JUNGLE,64,40.74,False,SMOKER420#5724,BLUE,IRON,4,MID,777,39.13,False,SolemnSolace#SoSo,BLUE,IRON,3,ADC,81,55.56,False,IMZETRICKY#6079,BLUE,IRON,4,SUPPORT,223,0,False,lukabu#2075,RED,IRON,3,TOP,122,49.61,False,upper decky#minn,RED,IRON,4,JUNGLE,19,45.61,False,Jukk0#NA1,RED,IRON,1,MID,69,25.0,False,Andypanda15#NA1,RED,IRON,4,ADC,222,42.42,False,Sof#mommy,RED,IRON,4,SUPPORT,99,46.51,False
CIwPbX19FDepeLT6IP1QShDzuOXmmrB9jh248hgj_XU=,14.22.635.4945,True,Magic#6745,BLUE,IRON,4,TOP,82,33.33,False,upper decky#minn,BLUE,IRON,4,JUNGLE,19,45.61,False,Jukk0#NA1,BLUE,IRON,1,MID,69,25.0,False,WilliamAftonRizz#NA1,BLUE,IRON,3,ADC,222,43.42,False,N0LE#5892,BLUE,IRON,2,SUPPORT,99,50.89,False,Phelgi#NA1,RED,IRON,3,TOP,223,49.46,False,19dr4#bruh,RED,IRON,4,JUNGLE,122,46.67,False,PsychoticAngel#NA1,RED,IRON,2,MID,84,47.41,False,Mebzy10#NA1,RED,IRON,4,ADC,21,46.94,False,Sharkbang#NA1,RED,IRON,4,SUPPORT,902,55.36,False
CIwPbX19FDfEOaDX2ca67lFW4i4XhwvpY28IbQ2qloc=,14.22.635.4945,True,SSjKaze#1994,BLUE,IRON,3,TOP,83,49.43,False,upper decky#minn,BLUE,IRON,4,JUNGLE,20,45.61,False,Jukk0#NA1,BLUE,IRON,1,MID,157,25.0,False,SorrkSTKZ#NA1,BLUE,UNRANKED,0,ADC,67,0,False,VikingPanda10#NA1,BLUE,UNRANKED,0,SUPPORT,45,0,False,wafflingtrack#queer,RED,IRON,3,TOP,122,54.55,False,youyouandyouuuuu#NA1,RED,BRONZE,4,JUNGLE,245,50.22,False,Cyansy#NA1,RED,IRON,4,MID,142,41.38,False,Keikire#NA1,RED,IRON,4,ADC,22,37.5,False,snowbunnies4all#999,RED,IRON,4,SUPPORT,89,42.03,False
CIwPbX19FDcLDrVCWMts8OCOxqEbEH3cp9T4yS0aKt0=,14.22.635.4945,False,shadester#NA1,BLUE,IRON,4,TOP,41,38.78,False,upper decky#minn,BLUE,IRON,4,JUNGLE,19,45.61,False,Jukk0#NA1,BLUE,IRON,1,MID,101,25.0,False,apôllô#NA1,BLUE,IRON,4,ADC,51,50.0,False,Borbinson #NA1,BLUE,IRON,2,SUPPORT,223,72.73,False,DatKidAstro#3390,RED,IRON,3,TOP,799,47.71,False,flash986#3922,RED,IRON,2,JUNGLE,35,56.25,False,Brand Carries#NA1,RED,IRON,2,MID,14,38.89,False,Ollidanoob11#4071,RED,IRON,4,ADC,202,35.48,False,AlistairXB#0913,RED,BRONZE,4,SUPPORT,910,40.0,False
CIwPbX19FDelu2LeMWnj_xxKarmo4e_Vw8wQT1CADpU=,14.22.635.4945,False,SoftPretzl#4883,BLUE,IRON,4,TOP,875,46.15,False,brian2228#NA1,BLUE,IRON,4,JUNGLE,27,26.67,False,GOOBTER#GOOB,BLUE,IRON,4,MID,221,44.83,False,Broskeeetz209#8164,BLUE,IRON,2,ADC,910,49.23,False,zee#1812,BLUE,IRON,4,SUPPORT,518,43.4,False,Zeco1150#NA1,RED,IRON,3,TOP,6,75.0,False,upper decky#minn,RED,IRON,4,JUNGLE,19,45.61,False,Jukk0#NA1,RED,IRON,1,MID,157,25.0,False,Spocona2kula13#3822,RED,IRON,4,ADC,81,40.0,False,Bludspila#420,RED,IRON,4,SUPPORT,44,41.25,False
CIwPbX19FDe2jb7oLmxaKLtgx7HCvM9XhycdBbuj7H4=,14.22.635.4945,False,Karth Nightprey#NA1,BLUE,IRON,2,TOP,36,37.5,False,LDARbeforeROPE#NA1,BLUE,IRON,4,JUNGLE,24,43.75,False,kapichis#lmao,BLUE,IRON,3,MID,39,43.59,False,GoDSpeeDGDS#NA1,BLUE,IRON,4,ADC,17,40.82,False,HiddenPants#4649,BLUE,IRON,3,SUPPORT,22,44.72,False,FireMonkey#7660,RED,UNRANKED,0,TOP,122,42.86,False,upper decky#minn,RED,IRON,4,JUNGLE,20,45.61,False,Jukk0#NA1,RED,IRON,1,MID,69,25.0,False,PumpkynKing#1337,RED,UNRANKED,0,ADC,222,40.0,False,IHaveBigHands#5clck,RED,IRON,3,SUPPORT,147,52.38,False
CIwPbX19FDfNQUYCFrU5gH1S3SArCX9HrLSq5TBwTPg=,14.22.635.4945,True,TheBeaterOfMeat#NA1,BLUE,IRON,4,TOP,24,45.16,False,Shacos not there#NA1,BLUE,IRON,2,JUNGLE,106,49.59,False,McLurg#NA1,BLUE,BRONZE,4,MID,8,44.89,True,daft ninja#NA1,BLUE,IRON,4,ADC,222,35.56,False,princesspea#444,BLUE,IRON,4,SUPPORT,57,48.48,False,Ignitar#9842,RED,IRON,3,TOP,223,40.0,False,upper decky#minn,RED,IRON,4,JUNGLE,19,45.61,False,Jukk0#NA1,RED,IRON,1,MID,157,25.0,False,TBTheOverThinker#NA1,RED,IRON,4,ADC,15,40.98,False,SirNotAppearing#0402,RED,IRON,3,SUPPORT,412,40.5,False
CIwPbX19FDeA4ce5tODj_HG0BBiTDyAURRzT34hVg1s=,14.22.635.4945,True,Harley74412#NA1,BLUE,IRON,2,TOP,99,54.55,False,upper decky#minn,BLUE,IRON,4,JUNGLE,20,45.61,False,Jukk0#NA1,BLUE,IRON,1,MID,157,25.0,False,Supreme Kai#0001,BLUE,IRON,4,ADC,202,29.07,False,MrVeteranTeacher#1522,BLUE,IRON,3,SUPPORT,82,48.89,False,CherriBomb3003#knght,RED,IRON,4,TOP,223,49.69,False,Flaker#9311,RED,IRON,4,JUNGLE,245,30.17,False,xxBUCKSAWxx#NA1,RED,IRON,4,MID,799,47.52,False,Shidalee#42069,RED,BRONZE,4,ADC,134,49.13,False,MYNAMEWASTAKENWT#NA1,RED,IRON,3,SUPPORT,21,38.89,False
CIwPbX19FDfWLFQ6jtW2szs2-Rge37g7yLUHwaNt_bo=,14.22.635.4945,False,AiyaOdile#2084,BLUE,IRON,1,TOP,82,34.62,False,PHACIALZ#PHACE,BLUE,IRON,1,JUNGLE,106,50.47,False,Deliciousness101#NA1,BLUE,BRONZE,4,MID,103,50.71,False,jankycheese#janky,BLUE,IRON,3,ADC,51,44.44,False,PittedAlways#6969,BLUE,BRONZE,4,SUPPORT,432,55.05,False,DaBoomdaddy#NA1,RED,BRONZE,4,TOP,122,45.5,False,ˆZIONˆ#NA1,RED,BRONZE,4,JUNGLE,17,45.56,False,Mone Reed#NA1,RED,IRON,1,MID,99,51.16,False,ßløodyƒęąrs#NA1,RED,BRONZE,4,ADC,29,49.12,False,HopelessWildfire#NA1,RED,IRON,3,SUPPORT,143,20.0,False
CIwPbX19FDeEStpWoioA6IKaM5xbO0_laG2FFQ_W0QI=,14.22.635.4945,False,unishaicle#NA1,BLUE,BRONZE,4,TOP,240,48.57,False,Dorans Plug#BPLUG,BLUE,IRON,2,JUNGLE,234,50.0,False,Nigiri#loool,BLUE,IRON,4,MID,777,44.9,False,GoodForTheSeoul#NA1,BLUE,BRONZE,4,ADC,202,54.76,False,bokchoyspecialss#9700,BLUE,IRON,2,SUPPORT,57,46.51,False,PittedAlways#6969,RED,IRON,1,TOP,41,55.05,False,Panties 0n Head#1740,RED,BRONZE,4,JUNGLE,32,49.6,False,Lady0fLuminosity#NA1,RED,IRON,3,MID,103,35.29,False,Darth Yi#NA1,RED,IRON,2,ADC,222,33.33,False,The one514#NA1,RED,IRON,3,SUPPORT,267,0,False
CIwPbX19FDfhQZQrprB51BattlMQpQF7I16HSCFxMJ8=,14.22.635.4945,True,hesham#8041,BLUE,IRON,2,TOP,82,28.57,False,OnlyFrenchKiss#NA1,BLUE,IRON,4,JUNGLE,75,38.79,False,BloodFox#NA1,BLUE,IRON,1,MID,55,47.86,False,Suki no ito#NA1,BLUE,IRON,4,ADC,222,43.66,False,jackmccon#lmppp,BLUE,IRON,3,SUPPORT,99,50.0,False,Nuke#7633,RED,IRON,4,TOP,897,42.47,True,Havoc#1246,RED,IRON,2,JUNGLE,19,47.86,False,TIF7299#TIF,RED,UNRANKED,0,MID,142,52.63,False,Orakaii#NA1,RED,IRON,2,ADC,18,43.7,False,PittedAlways#6969,RED,BRONZE,4,SUPPORT,432,55.05,False
CIwPbX19FDfWZrelKhVbVKJ5XoDvAlVazYiNrkl74rY=,14.22.635.4945,False,trackpadG0D#NA1,BLUE,BRONZE,3,TOP,240,48.28,False,zyxl#swoon,BLUE,BRONZE,4,JUNGLE,102,50.0,False,LilDuddus#8105,BLUE,IRON,3,MID,517,46.15,False,Egginator77#NA1,BLUE,BRONZE,3,ADC,64,20.0,False,PittedAlways#6969,BLUE,IRON,1,SUPPORT,53,55.05,False,o0o0o0oof#oof,RED,IRON,1,TOP,114,66.67,True,Asqueeze#OTF4L,RED,BRONZE,3,JUNGLE,19,50.0,False,Jp2Kool#Cool,RED,SILVER,4,MID,910,46.6,False,AllAnim3Jok3r#4242,RED,UNRANKED,0,ADC,21,0,False,N199WithGuns#CRAZY,RED,BRONZE,3,SUPPORT,16,47.37,False
CIwPbX19FDcXYDBXC9SG9dyVy7aqYIiORWPx9urikiQ=,14.22.635.4945,True,Zephyr#SHELF,BLUE,BRONZE,4,TOP,54,38.1,False,Hudakalaka11#NA1,BLUE,BRONZE,2,JUNGLE,20,62.5,False,Cyclades#9969,BLUE,BRONZE,4,MID,901,60.0,False,Bedimer#NA1,BLUE,BRONZE,1,ADC,99,51.55,False,Eutropoius#NA1,BLUE,BRONZE,4,SUPPORT,143,51.31,False,Ianbard Thawne#NA1,RED,IRON,2,TOP,27,49.21,False,Oops AllBerries#NA1,RED,SILVER,4,JUNGLE,106,54.55,False,YE QUI#china,RED,BRONZE,4,MID,91,38.1,False,Egginator77#NA1,RED,BRONZE,3,ADC,157,20.0,False,PittedAlways#6969,RED,BRONZE,4,SUPPORT,12,55.05,False
CIwPbX19FDf8H4o1O6O2daDvGoNWZrWNjkfnQlIaPDY=,14.22.635.4945,False,NeptunesWraith#8033,BLUE,BRONZE,4,TOP,516,44.32,False,Favio Justo#NA1,BLUE,BRONZE,4,JUNGLE,131,50.33,False,2012 jeremy lin#LAL,BLUE,BRONZE,4,MID,517,48.45,True,bust her cherry#6052,BLUE,BRONZE,4,ADC,523,50.66,False,PittedAlways#6969,BLUE,BRONZE,4,SUPPORT,53,55.05,False,DevyDev2823#NA1,RED,BRONZE,4,TOP,17,52.7,False,N0XXX#NA1,RED,BRONZE,3,JUNGLE,799,45.59,False,SaturnNox#NA1,RED,BRONZE,4,MID,61,48.42,True,NikoClapz#8295,RED,IRON,2,ADC,51,25.0,False,GODleech#NA1,RED,BRONZE,3,SUPPORT,99,53.66,False
CIwPbX19FDf9mkiXHY-jJ2TXhumPxIJgO0PNNwHMMOM=,14.22.635.4945,False,Browndon#NA1,BLUE,BRONZE,4,TOP,223,48.78,False,ShinyMetalAss#1516,BLUE,IRON,1,JUNGLE,131,53.01,False,Nobunaga#QtSZN,BLUE,IRON,1,MID,103,40.0,False,Dirtbag Joe#1343,BLUE,BRONZE,3,ADC,51,53.59,False,PittedAlways#6969,BLUE,IRON,1,SUPPORT,432,55.05,False,B3achbum18#NA1,RED,UNRANKED,0,TOP,106,0,False,iceyd678#NA1,RED,BRONZE,4,JUNGLE,78,43.97,False,AHuân cạm bẫy#4009,RED,BRONZE,3,MID,777,55.77,True,GfuelSniffinTimy#gfuel,RED,BRONZE,4,ADC,67,48.08,False,ILoveU1810#1011,RED,IRON,3,SUPPORT,147,66.67,False
CIwPbX19FDeGQwzgxFPl5AxB8_HFWr-17gWb0afKAko=,14.22.633.1362,True,TLG Sailing#NA1,BLUE,UNRANKED,0,TOP,3,50.0,False,Bum#6853,BLUE,UNRANKED,0,JUNGLE,233,47.06,False,ProfessorAnime#NA1,BLUE,UNRANKED,0,MID,90,0,False,Jack At1as#NA1,BLUE,UNRANKED,0,ADC,221,50.0,False,TLG Serena#NA1,BLUE,UNRANKED,0,SUPPORT,99,0,False,yikoucui#5984,RED,GOLD,4,TOP,901,39.34,False,pqvez#NA1,RED,GOLD,1,JUNGLE,31,50.0,False,Arktaeris#ark,RED,UNRANKED,0,MID,84,53.33,False,Egginator77#NA1,RED,UNRANKED,0,ADC,68,20.0,False,PittedAlways#6969,RED,UNRANKED,0,SUPPORT,44,55.05,False
CIwPbX19FDfPFpBQ0OINKFM2LPlaYBu0izYEYwTbvIY=,14.22.633.1362,True,TheBlackDeath090#NA1,BLUE,SILVER,1,TOP,39,58.33,False,DCcovaH#NA1,BLUE,EMERALD,4,JUNGLE,20,56.25,False,Arktaeris#ark,BLUE,UNRANKED,0,MID,127,53.33,False,Egginator77#NA1,BLUE,UNRANKED,0,ADC,69,20.0,False,PittedAlways#6969,BLUE,UNRANKED,0,SUPPORT,412,55.05,False,Tslus#TTV,RED,UNRANKED,0,TOP,266,60.0,False,BIS#1771,RED,UNRANKED,0,JUNGLE,5,33.33,False,Mox#6628,RED,UNRANKED,0,MID,910,54.55,False,STOVE#7797,RED,IRON,1,ADC,51,56.6,False,Anythingpos#00001,RED,SILVER,1,SUPPORT,555,0,False
CIwPbX19FDebtyog1kIoL3x7Sr7crDrYjhKEaXZcbtU=,14.22.633.1362,False,Warden of Souls#NA1,BLUE,BRONZE,4,TOP,68,43.48,False,Paura#パウラ,BLUE,IRON,2,JUNGLE,799,61.54,False,Abu#Ahmed,BLUE,BRONZE,4,MID,61,50.0,False,Ouhl Geezr#NA1,BLUE,IRON,1,ADC,21,47.46,True,FerYuumi#NA11,BLUE,BRONZE,4,SUPPORT,267,48.78,True,J4J4#NA1,RED,BRONZE,4,TOP,27,53.54,False,TBAGASAURUSREX#NA1,RED,IRON,1,JUNGLE,23,58.97,False,FastestSeamen#4092,RED,IRON,2,MID,84,61.54,False,Solethan#777,RED,BRONZE,4,ADC,51,63.64,False,PittedAlways#6969,RED,BRONZE,4,SUPPORT,432,55.05,False
CIwPbX19FDfzW2ghoSUtkJ-m9_joJCQ9vnNKwWeWJPk=,14.22.635.4945,True,hahaUnaab#NA1,BLUE,BRONZE,4,TOP,39,44.05,False,DoubleGclip#4848,BLUE,IRON,1,JUNGLE,9,47.91,True,AzianGiant59#NA1,BLUE,BRONZE,4,MID,98,50.0,False,BòSiêuTuôi#420ez,BLUE,BRONZE,4,ADC,236,47.06,False,VyGiangHo#2604,BLUE,IRON,2,SUPPORT,25,57.14,False,PiRaTeKiNg3#NA1,RED,BRONZE,4,TOP,36,49.3,False,LostColony98#NA1,RED,UNRANKED,0,JUNGLE,887,0,False,Penny#sad,RED,BRONZE,4,MID,777,49.43,False,Tolvkahl#NA1,RED,BRONZE,3,ADC,222,47.37,True,Blank Affinity#4073,RED,IRON,1,SUPPORT,99,46.36,True
CIwPbX19FDdY5gqkZyZwaVC3YKEi7nRlRS1UM0rc9L0=,14.22.635.4945,True,TordEatsAvocados#5240,BLUE,IRON,2,TOP,75,46.67,False,JugosThere#NA1,BLUE,BRONZE,4,JUNGLE,203,44.66,False,TripleHAttack#NA1,BLUE,IRON,3,MID,45,52.17,True,BòSiêuTuôi#420ez,BLUE,IRON,1,ADC,236,47.06,False,joekony2024#NA1,BLUE,BRONZE,4,SUPPORT,101,51.67,False,Viloss#NA1,RED,IRON,1,TOP,122,49.38,False,Piminator#NA1,RED,BRONZE,4,JUNGLE,24,54.17,False,Ironwork88#NA1,RED,IRON,2,MID,80,48.84,False,topbotfrager#hah,RED,IRON,3,ADC,202,53.33,False,MaesInSpace#6969,RED,IRON,2,SUPPORT,99,52.38,False
CIwPbX19FDeCGSXpEGPfQONQ11e-WVLEfCmhgUN9cWU=,14.22.635.4945,True,iRealZ#NA1,BLUE,BRONZE,4,TOP,799,54.1,False,Perfect FLOW#NA1,BLUE,BRONZE,4,JUNGLE,77,49.69,True,lamotasapoperro#NA1,BLUE,IRON,1,MID,12,46.67,False,MaliciousValholl#Boats,BLUE,IRON,2,ADC,51,54.46,True,FalconTed#6764,BLUE,IRON,3,SUPPORT,350,50.57,False,booty goblin#booty,RED,IRON,3,TOP,48,46.15,False,Andy#2448,RED,IRON,1,JUNGLE,245,49.69,True,LMS9#NA1,RED,BRONZE,4,MID,103,54.34,False,BòSiêuTuôi#420ez,RED,IRON,1,ADC,115,47.06,False,So1Saigon#69420,RED,IRON,2,SUPPORT,54,41.86,False
CIwPbX19FDe0EiyxCRrwoT_ToPXtTgjYA6llCNy6UvQ=,14.22.635.4945,False,Niceice4#NA1,BLUE,IRON,3,TOP,157,52.08,True,BDSMMommysAddMe#5921,BLUE,BRONZE,4,JUNGLE,121,66.67,True,deathnote666#NA1,BLUE,BRONZE,4,MID,53,53.12,False,Ayameii#oreo,BLUE,IRON,2,ADC,147,48.17,False,CosmicHypernova#0924,BLUE,IRON,4,SUPPORT,267,38.24,False,Gattaqa#NA1,RED,IRON,1,TOP,54,43.81,False,AmberT3ard#NA1,RED,IRON,1,JUNGLE,234,47.95,False,StraightRazor69#NA1,RED,IRON,1,MID,99,46.78,False,BòSiêuTuôi#420ez,RED,IRON,1,ADC,236,47.06,False,So1Saigon#69420,RED,IRON,2,SUPPORT,101,41.86,False
CIwPbX19FDe7Nd43zFpuo8OMpGjrvj8ia-V4ezwyf_k=,14.22.635.4945,False,7hero7#NA1,BLUE,IRON,2,TOP,68,51.35,False,he4ven s3nt#NA12,BLUE,IRON,1,JUNGLE,254,48.72,False,xtndo#1337,BLUE,BRONZE,4,MID,67,55.26,True,DrPsilocybe1#Psilo,BLUE,IRON,3,ADC,45,21.43,False,Potatoman113#potat,BLUE,IRON,4,SUPPORT,25,47.06,False,Ayouski#3853,RED,IRON,3,TOP,106,50.0,False,ChosenCreed#1820,RED,IRON,1,JUNGLE,17,47.69,False,thejawhorse#2431,RED,IRON,2,MID,80,39.13,False,BòSiêuTuôi#420ez,RED,IRON,1,ADC,115,47.06,False,So1Saigon#69420,RED,IRON,3,SUPPORT,54,41.86,False
CIwPbX19FDfxTdZesZvt3_KArNzAyZzhurrOEPWlAx8=,14.22.635.4945,True,Michael Mayer#NA1,BLUE,IRON,1,TOP,516,20.0,False,PewDieCreamPie#810,BLUE,BRONZE,4,JUNGLE,56,49.24,False,xShortCakex#BRAT,BLUE,IRON,2,MID,99,52.63,False,BòSiêuTuôi#420ez,BLUE,IRON,1,ADC,236,47.06,False,So1Saigon#69420,BLUE,IRON,3,SUPPORT,54,41.86,False,Statera Esse#NA1,RED,IRON,2,TOP,777,40.0,False,LuckyNumpty#NA1,RED,IRON,2,JUNGLE,154,45.71,False,KhiefO#4488,RED,IRON,4,MID,950,0,False,Kalogothida#NA1,RED,IRON,1,ADC,50,52.09,False,Princess Cadenza#NAMI,RED,IRON,2,SUPPORT,44,50.63,False
CIwPbX19FDfqrZEH7bt8T7RW2hu_krZWgAghPPBgWZs=,14.22.635.4945,True,Purpledragon180#NA1,BLUE,BRONZE,4,TOP,19,43.9,False,BòSiêuTuôi#420ez,BLUE,IRON,1,JUNGLE,11,47.06,False,WHAT A HEROOOOO#NA1,BLUE,UNRANKED,0,MID,126,0,False,I Kite Poofs#6969,BLUE,IRON,2,ADC,22,48.45,False,Candi5134#NA1,BLUE,IRON,2,SUPPORT,518,57.41,False,Zezeken#NA1,RED,IRON,1,TOP,84,51.19,False,expalfini#NA1,RED,IRON,1,JUNGLE,56,50.41,True,snick3rd00dl3s#NA1,RED,IRON,2,MID,875,49.02,False,MiChile#NA1,RED,IRON,2,ADC,18,51.22,True,faveur#NA1,RED,IRON,2,SUPPORT,54,47.06,False
CIwPbX19FDeb2hTw-b6hQcnuJKkOl5P5hSFfIxRvBjY=,14.22.635.4945,True,Starscream Fan#NA1,BLUE,IRON,3,TOP,27,46.45,False,BòSiêuTuôi#420ez,BLUE,IRON,1,JUNGLE,11,47.06,False,myguy1000#NA1,BLUE,IRON,4,MID,68,47.85,True,TurtleFastSong#NA1,BLUE,IRON,2,ADC,202,48.21,False,So1Saigon#69420,BLUE,IRON,2,SUPPORT,223,41.86,False,Zenon#2330,RED,IRON,3,TOP,83,54.17,False,Meow#5683,RED,IRON,4,JUNGLE,233,0,False,nettspend#3718,RED,UNRANKED,0,MID,39,0,False,AwsomeBts#NA1,RED,IRON,3,ADC,21,44.32,False,Luffy3280#NA1,RED,IRON,4,SUPPORT,235,47.88,False
CIwPbX19FDcEzBb0VvnDrprTceEE57ERx1wV24RfjM0=,14.22.635.4945,True,HellBackDoor#NA1,BLUE,IRON,3,TOP,157,52.0,False,Twilight#6632,BLUE,IRON,4,JUNGLE,799,50.0,False,discograndma#4973,BLUE,BRONZE,4,MID,150,45.83,False,Baldguy1#NA1,BLUE,IRON,2,ADC,15,48.72,False,abcdegenr8#NA1,BLUE,IRON,1,SUPPORT,147,50.0,False,So1Saigon#69420,RED,IRON,2,TOP,223,41.86,False,Tank Player#4420,RED,IRON,1,JUNGLE,104,49.52,False,RD01#NA1,RED,IRON,2,MID,161,56.76,False,BòSiêuTuôi#420ez,RED,IRON,1,ADC,18,47.06,False,Johnnyzynz69#1064,RED,IRON,2,SUPPORT,350,46.25,False
CIwPbX19FDcgfj0XjsCil9lmCWX0i7h9AXhjacF4S5Y=,14.22.635.4945,False,Angel0#117,BLUE,IRON,4,TOP,75,48.42,True,YaBoiiiiiiiiii#YaBoi,BLUE,IRON,2,JUNGLE,234,49.77,False,Mikooo#Luv,BLUE,IRON,3,MID,55,45.71,False,BòSiêuTuôi#420ez,BLUE,IRON,1,ADC,236,47.06,False,So1Saigon#69420,BLUE,IRON,3,SUPPORT,54,41.86,False,Uhaul Carry#NA1,RED,IRON,2,TOP,875,48.72,True,pennyslug#000,RED,IRON,3,JUNGLE,104,45.45,False,Nexhunter#NA1,RED,IRON,1,MID,81,44.83,False,LilT8nt#NA1,RED,BRONZE,4,ADC,51,16.67,True,Time2getTwisted#NA1,RED,BRONZE,4,SUPPORT,163,41.75,False
CIwPbX19FDcSGNPfQ3a_nrpBrGHaBDMW14wHKOE1leU=,14.22.635.4945,True,SuperMoonWhisper#NA1,BLUE,BRONZE,3,TOP,80,49.39,False,lustydemon#NA1,BLUE,UNRANKED,0,JUNGLE,35,0,False,joker99991#NA1,BLUE,BRONZE,1,MID,136,49.5,False,CrazzyboiiAb#NA1,BLUE,BRONZE,4,ADC,161,50.0,False,Cadazz#NA1,BLUE,BRONZE,4,SUPPORT,25,52.94,False,Gamegod1000#gg1,RED,BRONZE,2,TOP,31,48.48,False,Barca1068#NA1,RED,BRONZE,4,JUNGLE,64,42.11,False,YellowNailPolish#Tally,RED,BRONZE,3,MID,102,46.15,False,Bobatealatte#NA1,RED,BRONZE,1,ADC,81,40.0,False,Voerman#DaSlo,RED,BRONZE,3,SUPPORT,7,57.14,False
CIwPbX19FDe6CfCLV1-tpt6HWjgb2Blt3j_FtsLeUhc=,14.22.635.4945,True,Ghost SPQR#NA1,BLUE,BRONZE,3,TOP,82,68.97,False,Kilfoic#NA1,BLUE,SILVER,4,JUNGLE,17,25.0,True,PinkMismagius#NA1,BLUE,BRONZE,4,MID,103,42.86,False,belladonnas#001,BLUE,UNRANKED,0,ADC,51,60.0,False,Paleness#NA1,BLUE,UNRANKED,0,SUPPORT,412,75.0,False,ML Spanky#T1Pct,RED,BRONZE,1,TOP,68,51.61,False,lustydemon#NA1,RED,UNRANKED,0,JUNGLE,35,0,False,Cadazz#NA1,RED,BRONZE,4,MID,99,52.94,False,Killsmartzombi#Tenks,RED,BRONZE,1,ADC,67,50.0,False,Spongebob#2016,RED,UNRANKED,0,SUPPORT,89,50.0,False
CIwPbX19FDcT0T2An3nqzH5B4Jagu25sbe1_09jpBDg=,14.22.635.4945,False,Sol#1290,BLUE,UNRANKED,0,TOP,777,47.85,False,MomLuvr3000#mama,BLUE,BRONZE,4,JUNGLE,62,50.0,False,Forsaken#6960,BLUE,BRONZE,4,MID,166,50.0,False,ElHumpty#NA1,BLUE,BRONZE,3,ADC,145,51.14,False,Cadazz#NA1,BLUE,BRONZE,4,SUPPORT,25,52.94,False,HuskyBren#uwu,RED,BRONZE,4,TOP,6,54.55,True,octopusproteins#NA1,RED,UNRANKED,0,JUNGLE,876,33.33,False,Cholera#Biolo,RED,BRONZE,3,MID,99,53.62,False,SpicyWizCurryfa#NA1,RED,IRON,1,ADC,202,47.85,False,Bobbyblubbing#NA1,RED,BRONZE,4,SUPPORT,53,53.33,True
CIwPbX19FDcn8CWTmHmsp55db85zhCLK_Xa4fdsP2zk=,14.22.633.1362,True,Cadazz#NA1,BLUE,BRONZE,4,TOP,98,52.94,False,lucifer666#NA1,BLUE,UNRANKED,0,JUNGLE,35,50.0,False,Penta Kill Petey#NA1,BLUE,BRONZE,4,MID,45,0,True,loisdakitty123#NA1,BLUE,BRONZE,3,ADC,51,70.0,False,Blacklightningx1#NA1,BLUE,BRONZE,2,SUPPORT,412,50.0,False,Landuck#5539,RED,BRONZE,3,TOP,266,57.14,False,TrashPlayer#1066,RED,BRONZE,3,JUNGLE,32,55.88,False,GoosyGoose#NA1,RED,BRONZE,1,MID,134,37.93,False,Camaster#NA1,RED,BRONZE,4,ADC,15,57.14,False,Maximus1#1371,RED,BRONZE,3,SUPPORT,25,42.86,False
CIwPbX19FDe8ap0Sqbp1weXdqOhXtSkRwiTRYbddxRo=,14.21.630.3012,False,Cadazz#NA1,BLUE,BRONZE,4,TOP,25,52.94,False,pwrbottom4jesus#NA2,BLUE,BRONZE,4,JUNGLE,234,57.14,False,MatchaMystic#NA1,BLUE,IRON,3,MID,711,47.06,False,Eazr#alana,BLUE,IRON,2,ADC,22,54.55,False,Kitty Cack#NA1,BLUE,BRONZE,4,SUPPORT,412,48.31,False,XxNightLemon#NA1,RED,UNRANKED,0,TOP,24,66.67,False,ieatgfuel#1396,RED,BRONZE,4,JUNGLE,20,51.4,True,richigaa#NA1,RED,UNRANKED,0,MID,39,77.78,False,Mastablastaa#NA1,RED,BRONZE,3,ADC,222,47.1,False,Majesticles#5516,RED,IRON,2,SUPPORT,99,0,False
CIwPbX19FDcQcQ8YgW2jBB5nIKuAX_KjG-DvKeo78bs=,14.21.630.3012,True,Waldo0223#NA1,BLUE,BRONZE,4,TOP,136,50.0,False,Droughven#5397,BLUE,BRONZE,4,JUNGLE,20,40.0,False,dat chik#NA1,BLUE,IRON,4,MID,35,38.1,False,ElHumpty#NA1,BLUE,BRONZE,4,ADC,145,51.14,False,Cadazz#NA1,BLUE,BRONZE,4,SUPPORT,25,52.94,False,papa wagss#papaW,RED,IRON,2,TOP,74,51.85,False,Bizef69#7980,RED,IRON,3,JUNGLE,19,42.62,False,Technyc#ILT1,RED,BRONZE,4,MID,777,48.48,False,sqeck#1778,RED,BRONZE,2,ADC,115,53.33,False,ivsko#frogs,RED,IRON,3,SUPPORT,3,43.86,False
CIwPbX19FDcNS2rKCXlWV68dZfeWQMJkc-IuVL8NWYo=,14.21.630.3012,False,Cadazz#NA1,BLUE,BRONZE,4,TOP,25,52.94,False,lucifer666#NA1,BLUE,UNRANKED,0,JUNGLE,35,50.0,False,FryerCracker#NA1,BLUE,BRONZE,1,MID,1,40.0,False,PEONN#NA1,BLUE,BRONZE,3,ADC,119,33.33,False,Jmaru23#NA1,BLUE,BRONZE,2,SUPPORT,412,54.55,False,Chaewon Fan#tft,RED,UNRANKED,0,TOP,516,0,False,Goddess Of War#GGS,RED,SILVER,4,JUNGLE,122,48.44,True,getinmyvan#pls,RED,UNRANKED,0,MID,777,0,False,youlikerobot#NA1,RED,SILVER,4,ADC,222,55.56,True,hotgee#NA1,RED,UNRANKED,0,SUPPORT,518,41.67,False
CIwPbX19FDezqeliEsgj-1I9h-CHB34JeQVY0t7EUl8=,14.21.630.3012,False,mon0ptic#6006,BLUE,BRONZE,4,TOP,83,50.64,False,ZOExD3AD#NA1,BLUE,IRON,2,JUNGLE,234,55.17,False,Eva 001#Angel,BLUE,IRON,1,MID,555,48.5,False,SleepyWindows#WBI,BLUE,BRONZE,4,ADC,42,49.22,False,Cadazz#NA1,BLUE,BRONZE,4,SUPPORT,25,52.94,False,youuuu77#NA1,RED,BRONZE,4,TOP,420,50.0,False,Baeju#NA1,RED,BRONZE,3,JUNGLE,131,43.75,False,Danno827#NA1,RED,BRONZE,4,MID,90,51.85,False,OscuroPhoenix#NA1,RED,IRON,1,ADC,51,48.28,False,xXF4D3 4NDXx#666,RED,BRONZE,4,SUPPORT,497,50.69,False
CIwPbX19FDcx54ChRJ7X-plN_zDoHwYuNAh7PmIYjvw=,14.21.630.3012,True,Cadazz#NA1,BLUE,BRONZE,4,TOP,25,52.94,False,lustydemon#NA1,BLUE,UNRANKED,0,JUNGLE,35,0,False,tenacity#1trk,BLUE,BRONZE,2,MID,142,52.17,False,ORCA#BARS,BLUE,BRONZE,2,ADC,42,46.15,False,Dontavious#phat,BLUE,BRONZE,3,SUPPORT,57,55.0,False,ibench225#4200,RED,IRON,1,TOP,67,43.75,False,XxKingOreoxX#NA1,RED,BRONZE,2,JUNGLE,876,55.93,False,darkmatter1334#NA1,RED,BRONZE,2,MID,246,46.0,False,PleaseNoDiddy#5674,RED,SILVER,2,ADC,22,34.62,False,ASVPPUSH#NA1,RED,IRON,3,SUPPORT,555,33.33,False
CIwPbX19FDct_VtKEGSn26LmxusnLlHJO0_HGOvYAOo=,14.21.630.3012,True,Cadazz#NA1,BLUE,BRONZE,4,TOP,25,52.94,False,lucifer666#NA1,BLUE,UNRANKED,0,JUNGLE,35,50.0,False,Doonie#NA1,BLUE,BRONZE,2,MID,105,48.76,False,abdi op#NA1,BLUE,BRONZE,1,ADC,145,50.56,False,GaryFreakinnnOak#NA1,BLUE,BRONZE,1,SUPPORT,89,50.0,False,GrizzlyAdams64#NA1,RED,BRONZE,3,TOP,14,50.0,False,DarkVizier#NA1,RED,UNRANKED,0,JUNGLE,121,37.5,False,ZzhanMJ#NA1,RED,UNRANKED,0,MID,90,35.71,False,Zioware#NA1,RED,BRONZE,3,ADC,360,50.0,False,ClaBikelife#NA1,RED,BRONZE,2,SUPPORT,161,40.82,False
CIwPbX19FDednoAZNc6NOusjD0Wr_cO5aEW4WodtEks=,14.22.635.4945,False,XxPoWerStroKexX#9264,BLUE,UNRANKED,0,TOP,36,61.54,False,ClaBikelife#NA1,BLUE,SILVER,3,JUNGLE,56,40.82,False,Zioware#NA1,BLUE,IRON,2,MID,245,50.0,False,imblood#6969,BLUE,BRONZE,3,ADC,202,73.91,False,Pykeal Phelps#swimr,BLUE,GOLD,4,SUPPORT,80,61.11,False,清辉成凝夜临霜#青山伴明月,RED,BRONZE,4,TOP,887,56.41,False,KILL LEOBOY#777,RED,BRONZE,3,JUNGLE,234,40.0,False,aofzi#NA1,RED,GOLD,3,MID,517,38.89,False,Brony Friendzoni#NA1,RED,UNRANKED,0,ADC,21,0,False,bibble#187,RED,BRONZE,2,SUPPORT,99,57.14,False
CIwPbX19FDdqMwza1rGaJXdx-p5XJfd4GIsGjW8vPd8=,14.22.635.4945,False,Zioware#NA1,BLUE,BRONZE,3,TOP,420,50.0,False,ClaBikelife#NA1,BLUE,BRONZE,3,JUNGLE,154,40.82,False,WILDWILMOT#NA1,BLUE,BRONZE,2,MID,112,50.0,False,Epicroyal28#Epic,BLUE,SILVER,2,ADC,429,56.0,False,DivineBW#DBW,BLUE,BRONZE,2,SUPPORT,106,52.34,True,NuNus in Paris#007,RED,BRONZE,2,TOP,86,50.0,False,xAmPx#NA1,RED,BRONZE,2,JUNGLE,59,50.0,True,Rainuzu#NA1,RED,BRONZE,2,MID,910,50.54,False,UnleashNaTeesh#NA1,RED,BRONZE,2,ADC,202,54.17,False,DeadpoolKeith#NA1,RED,BRONZE,3,SUPPORT,161,66.67,False
CIwPbX19FDcgeGmPHUY_ziQO6vKUHfalh3eXbljAPaw=,14.22.635.4945,False,69daddyGODYES#Mouth,BLUE,BRONZE,4,TOP,92,80.0,False,Misak1#NA1,BLUE,BRONZE,4,JUNGLE,121,30.77,False,SincerelySauced#NA1,BLUE,BRONZE,4,MID,84,50.0,False,YouWillReportMe#NA1,BLUE,BRONZE,3,ADC,115,48.78,False,Pyke Me Mommy#PYKE,BLUE,BRONZE,2,SUPPORT,80,54.93,False,Zioware#NA1,RED,BRONZE,3,TOP,420,50.0,False,ClaBikelife#NA1,RED,BRONZE,3,JUNGLE,36,40.82,False,srs#NA1,RED,BRONZE,4,MID,112,33.33,True,killerbob1969#NA1,RED,SILVER,4,ADC,498,38.89,False,JangoCollidor#NA1,RED,UNRANKED,0,SUPPORT,99,0,False
CIwPbX19FDeDvfmxjOii2gMlQyS807Xa_2RNmE83Wlg=,14.22.635.4945,False,Whamo07#NA1,BLUE,BRONZE,3,TOP,31,50.0,False,Wh4t#What,BLUE,BRONZE,2,JUNGLE,32,51.9,False,krugsniffer#NA1,BLUE,IRON,1,MID,799,75.0,False,911#G070,BLUE,BRONZE,3,ADC,67,52.94,False,Pure Fox#NA1,BLUE,BRONZE,4,SUPPORT,412,45.45,False,Zioware#NA1,RED,BRONZE,4,TOP,420,50.0,False,Crystalfrog95#NA1,RED,BRONZE,2,JUNGLE,30,51.85,False,cooterlooter#808,RED,BRONZE,3,MID,711,71.43,True,Levi#8034,RED,BRONZE,4,ADC,202,45.45,False,Leviax7#8406,RED,BRONZE,3,SUPPORT,43,50.0,False
CIwPbX19FDdDnrdNekhbNgRoz9r_4HOSRew2R3Oep7M=,14.22.635.4945,True,KaKashi#sahdg,BLUE,BRONZE,2,TOP,106,55.0,True,Mach 5#NA1,BLUE,UNRANKED,0,JUNGLE,60,61.54,False,BogartIV#NA1,BLUE,SILVER,3,MID,13,55.24,False,Clutch Crennen#NA1,BLUE,SILVER,2,ADC,222,48.15,False,Thorfinn#99990,BLUE,IRON,3,SUPPORT,99,50.0,False,XxPoWerStroKexX#9264,RED,UNRANKED,0,TOP,36,61.54,False,Magulana#NA1,RED,UNRANKED,0,JUNGLE,876,0,False,Zioware#NA1,RED,IRON,2,MID,245,50.0,False,ClaBikelife#NA1,RED,SILVER,3,ADC,81,40.82,False,Undertox#NA1,RED,UNRANKED,0,SUPPORT,526,33.33,False
CIwPbX19FDe0Gy1ywNP8tAF8Vwm-XUcEVKZSIj4OVTc=,14.22.633.1362,True,namjahh#NA9,BLUE,BRONZE,2,TOP,10,53.62,False,Lord Yama#NA1,BLUE,IRON,4,JUNGLE,121,41.03,True,iloveboystoomuch#NA1,BLUE,SILVER,4,MID,517,60.0,True,humanXorgans#NA1,BLUE,BRONZE,3,ADC,221,38.1,False,TheRealHumanBean#NA1,BLUE,BRONZE,2,SUPPORT,37,39.13,False,kwest20#NA1,RED,BRONZE,2,TOP,150,48.28,False,Attreios#NA1,RED,IRON,2,JUNGLE,82,52.73,False,Ext Car Warranty#NA1,RED,SILVER,4,MID,777,47.62,False,Zioware#NA1,RED,BRONZE,4,ADC,145,50.0,False,ClaBikelife#NA1,RED,BRONZE,3,SUPPORT,161,40.82,False
CIwPbX19FDdmU4eqfPjRXjG_dpMqYRtFgSG7W1A224k=,14.22.633.1362,True,XxPoWerStroKexX#9264,BLUE,UNRANKED,0,TOP,24,61.54,False,ClaBikelife#NA1,BLUE,SILVER,3,JUNGLE,32,40.82,False,Zioware#NA1,BLUE,IRON,2,MID,245,50.0,False,Royshall#NA1,BLUE,SILVER,4,ADC,67,56.0,False,Berner#NA1,BLUE,UNRANKED,0,SUPPORT,235,45.45,True,MrWhite#BTS,RED,UNRANKED,0,TOP,36,41.67,False,kenzamazing#7137,RED,UNRANKED,0,JUNGLE,120,35.71,False,arts#BTS,RED,UNRANKED,0,MID,238,33.33,False,spandexturtle#4483,RED,BRONZE,3,ADC,202,57.38,False,WAGYU#4746,RED,UNRANKED,0,SUPPORT,888,50.0,False
